predicate_id	predicate_kind	argument	architecture	target_triple	result	source_locations	linux_commit	config_sha256	toolchain_sha256	compiler_requested_path	compiler_resolved_path	compiler_sha256	compiler_version	original_command_source	original_command_sha256	probe_path	probe_sha256	probe_command_path	probe_command_sha256	stdout_path	stdout_sha256	stderr_path	stderr_sha256	exit_status	started_at	completed_at	status
CP414bb440c5ff1f6f4d881220	__has_attribute	__copy__	aarch64	aarch64-linux-gnu	0	vendor/linux/include/linux/compiler_attributes.h:91:5	425f94c2954b1fe80ebdbf9b29854e89750355df	b374fc24835033cb3e317e45c89dd2ba3335ebac7ab81b2ac548fac5bffc1578	cfb4e6fbb9b5281b15f0e09cb6d4f7f1866bf9bc1c69ae72715992b76c9bd670	/usr/lib/llvm-19/bin/clang	/usr/lib/llvm-19/bin/clang	0a3c55936ac43954fbe4914e6e73b577ca9e35e75d89ef13d3e28c187f41ca1a	Debian clang version 19.1.7 (3+b1)	rewrite/kbuild/aarch64/arch/arm/xen/.enlighten.o.cmd	3c173da06bd76381e4788882bbb38508489c50516edb2119a835465c2a7f0635	rewrite/compiler-predicates/probes/CP414bb440c5ff1f6f4d881220.c	81feee733ca915026ef90b7c223fa0a667b42ff45656525f8b67b4a2cdc2e978	rewrite/compiler-predicates/commands/CP414bb440c5ff1f6f4d881220.json	9a1f7e809a62fa2df4d6aa8c27049570fe940e84e58358f7940cdeca7541d709	rewrite/compiler-predicates/stdout/CP414bb440c5ff1f6f4d881220.txt	c77a60275c10f3a721e31bd8187de45b42d35b4fe5b61aa6c2c625f4fc515bab	rewrite/compiler-predicates/stderr/CP414bb440c5ff1f6f4d881220.txt	e3b0c44298fc1c149afbf4c8996fb92427ae41e4649b934ca495991b7852b855	0	2026-08-05T16:43:47.071Z	2026-08-05T16:43:47.103Z	PROVEN
CP48a5f81c5f72aeb0eaf2fd3f	__has_attribute	__copy__	x86_64	x86_64-linux-gnu	0	vendor/linux/include/linux/compiler_attributes.h:91:5	425f94c2954b1fe80ebdbf9b29854e89750355df	a1cdb40573726de54a174da53c2eac8811dd84ab0145532784a47ec1c5efa6b4	cfb4e6fbb9b5281b15f0e09cb6d4f7f1866bf9bc1c69ae72715992b76c9bd670	/usr/lib/llvm-19/bin/clang	/usr/lib/llvm-19/bin/clang	0a3c55936ac43954fbe4914e6e73b577ca9e35e75d89ef13d3e28c187f41ca1a	Debian clang version 19.1.7 (3+b1)	rewrite/kbuild/x86_64/arch/x86/entry/.common.o.cmd	56d5fdff7f5ba563dfe430b948edc510a46b2b7bbb579b297f0058ed3f36f0a0	rewrite/compiler-predicates/probes/CP48a5f81c5f72aeb0eaf2fd3f.c	4afb3dec4d038d8ae8f4f73ad665a639dab14566364a0647bfe2f146c7086918	rewrite/compiler-predicates/commands/CP48a5f81c5f72aeb0eaf2fd3f.json	576e8a6625a060ef7bc615196312d4214c9c6a92ce90d5d98f34dcd35566c507	rewrite/compiler-predicates/stdout/CP48a5f81c5f72aeb0eaf2fd3f.txt	a040fd98dd1e8a4a66f1716eaaeaed1bdbcf9e3b87e3eeda3b109fe120c3600d	rewrite/compiler-predicates/stderr/CP48a5f81c5f72aeb0eaf2fd3f.txt	e3b0c44298fc1c149afbf4c8996fb92427ae41e4649b934ca495991b7852b855	0	2026-08-05T16:43:47.114Z	2026-08-05T16:43:47.133Z	PROVEN
CP943d79ed983af38194acd043	__has_attribute	__designated_init__	aarch64	aarch64-linux-gnu	0	vendor/linux/include/linux/compiler_attributes.h:126:5	425f94c2954b1fe80ebdbf9b29854e89750355df	b374fc24835033cb3e317e45c89dd2ba3335ebac7ab81b2ac548fac5bffc1578	cfb4e6fbb9b5281b15f0e09cb6d4f7f1866bf9bc1c69ae72715992b76c9bd670	/usr/lib/llvm-19/bin/clang	/usr/lib/llvm-19/bin/clang	0a3c55936ac43954fbe4914e6e73b577ca9e35e75d89ef13d3e28c187f41ca1a	Debian clang version 19.1.7 (3+b1)	rewrite/kbuild/aarch64/arch/arm/xen/.enlighten.o.cmd	3c173da06bd76381e4788882bbb38508489c50516edb2119a835465c2a7f0635	rewrite/compiler-predicates/probes/CP943d79ed983af38194acd043.c	608ca8bf2356cc0000301504b337f1626debf88b06a6a0ca3ce0df5949cc0ef4	rewrite/compiler-predicates/commands/CP943d79ed983af38194acd043.json	2f25e3a6f9f2589a95b243c00d20c24d8d5292c4c6bbfc5fac91563c20c8e2b3	rewrite/compiler-predicates/stdout/CP943d79ed983af38194acd043.txt	3dda2e1f299c8474cc188a344f89d7cfede1cd158f32d12540d987e7af594829	rewrite/compiler-predicates/stderr/CP943d79ed983af38194acd043.txt	e3b0c44298fc1c149afbf4c8996fb92427ae41e4649b934ca495991b7852b855	0	2026-08-05T16:43:47.144Z	2026-08-05T16:43:47.164Z	PROVEN
CPe0a4432953db4465495f29c2	__has_attribute	__designated_init__	x86_64	x86_64-linux-gnu	0	vendor/linux/include/linux/compiler_attributes.h:126:5	425f94c2954b1fe80ebdbf9b29854e89750355df	a1cdb40573726de54a174da53c2eac8811dd84ab0145532784a47ec1c5efa6b4	cfb4e6fbb9b5281b15f0e09cb6d4f7f1866bf9bc1c69ae72715992b76c9bd670	/usr/lib/llvm-19/bin/clang	/usr/lib/llvm-19/bin/clang	0a3c55936ac43954fbe4914e6e73b577ca9e35e75d89ef13d3e28c187f41ca1a	Debian clang version 19.1.7 (3+b1)	rewrite/kbuild/x86_64/arch/x86/entry/.common.o.cmd	56d5fdff7f5ba563dfe430b948edc510a46b2b7bbb579b297f0058ed3f36f0a0	rewrite/compiler-predicates/probes/CPe0a4432953db4465495f29c2.c	ef64ae03477703eee342c70c818b29a2f915139dcb439eb9d44f5dd3d139c8d9	rewrite/compiler-predicates/commands/CPe0a4432953db4465495f29c2.json	47acb38d6bc263ad0bc470929cf8a878ad003f1958bf8b5796b59c080b3a2deb	rewrite/compiler-predicates/stdout/CPe0a4432953db4465495f29c2.txt	4813cbed1677dbb3bc370d1acfd2e3d62bede7b53c8de064e8ec953a8db6298d	rewrite/compiler-predicates/stderr/CPe0a4432953db4465495f29c2.txt	e3b0c44298fc1c149afbf4c8996fb92427ae41e4649b934ca495991b7852b855	0	2026-08-05T16:43:47.172Z	2026-08-05T16:43:47.187Z	PROVEN
CP8f67d62d61a9b7e27ff03cd1	__has_attribute	__diagnose_as_builtin__	aarch64	aarch64-linux-gnu	1	vendor/linux/include/linux/compiler_attributes.h:103:5	425f94c2954b1fe80ebdbf9b29854e89750355df	b374fc24835033cb3e317e45c89dd2ba3335ebac7ab81b2ac548fac5bffc1578	cfb4e6fbb9b5281b15f0e09cb6d4f7f1866bf9bc1c69ae72715992b76c9bd670	/usr/lib/llvm-19/bin/clang	/usr/lib/llvm-19/bin/clang	0a3c55936ac43954fbe4914e6e73b577ca9e35e75d89ef13d3e28c187f41ca1a	Debian clang version 19.1.7 (3+b1)	rewrite/kbuild/aarch64/arch/arm/xen/.enlighten.o.cmd	3c173da06bd76381e4788882bbb38508489c50516edb2119a835465c2a7f0635	rewrite/compiler-predicates/probes/CP8f67d62d61a9b7e27ff03cd1.c	f8bb1061c3254d775314ceb9fae504676f30ca934ebd6c003050013592be6f8d	rewrite/compiler-predicates/commands/CP8f67d62d61a9b7e27ff03cd1.json	43d64836d8812c17ac76c7dbbc0315a0124b3a3541ac0ee1704f82858213e7e6	rewrite/compiler-predicates/stdout/CP8f67d62d61a9b7e27ff03cd1.txt	c93fdc132ef35c1532ba1ddb49e5aea9df0415c14714918b696333b95b2acd3d	rewrite/compiler-predicates/stderr/CP8f67d62d61a9b7e27ff03cd1.txt	e3b0c44298fc1c149afbf4c8996fb92427ae41e4649b934ca495991b7852b855	0	2026-08-05T16:43:47.198Z	2026-08-05T16:43:47.216Z	PROVEN
CPca8bc98a9b08254dedadde22	__has_attribute	__diagnose_as_builtin__	x86_64	x86_64-linux-gnu	1	vendor/linux/include/linux/compiler_attributes.h:103:5	425f94c2954b1fe80ebdbf9b29854e89750355df	a1cdb40573726de54a174da53c2eac8811dd84ab0145532784a47ec1c5efa6b4	cfb4e6fbb9b5281b15f0e09cb6d4f7f1866bf9bc1c69ae72715992b76c9bd670	/usr/lib/llvm-19/bin/clang	/usr/lib/llvm-19/bin/clang	0a3c55936ac43954fbe4914e6e73b577ca9e35e75d89ef13d3e28c187f41ca1a	Debian clang version 19.1.7 (3+b1)	rewrite/kbuild/x86_64/arch/x86/entry/.common.o.cmd	56d5fdff7f5ba563dfe430b948edc510a46b2b7bbb579b297f0058ed3f36f0a0	rewrite/compiler-predicates/probes/CPca8bc98a9b08254dedadde22.c	2fb1fcc9dfc60a4b5719005fde22280c2112f34814d0dd0c73871a148a60e1dc	rewrite/compiler-predicates/commands/CPca8bc98a9b08254dedadde22.json	b39e6a1965911b13655ae4167a252304e310c11d384670ec508d47f4b2e891f0	rewrite/compiler-predicates/stdout/CPca8bc98a9b08254dedadde22.txt	0cf7c671b6c3478863bb0a6e788c983f309b3d7c50f225e81390d333ee51720f	rewrite/compiler-predicates/stderr/CPca8bc98a9b08254dedadde22.txt	e3b0c44298fc1c149afbf4c8996fb92427ae41e4649b934ca495991b7852b855	0	2026-08-05T16:43:47.226Z	2026-08-05T16:43:47.244Z	PROVEN
CP294a4877e906e96d5008363b	__has_attribute	__error__	aarch64	aarch64-linux-gnu	1	vendor/linux/include/linux/compiler_attributes.h:137:5	425f94c2954b1fe80ebdbf9b29854e89750355df	b374fc24835033cb3e317e45c89dd2ba3335ebac7ab81b2ac548fac5bffc1578	cfb4e6fbb9b5281b15f0e09cb6d4f7f1866bf9bc1c69ae72715992b76c9bd670	/usr/lib/llvm-19/bin/clang	/usr/lib/llvm-19/bin/clang	0a3c55936ac43954fbe4914e6e73b577ca9e35e75d89ef13d3e28c187f41ca1a	Debian clang version 19.1.7 (3+b1)	rewrite/kbuild/aarch64/arch/arm/xen/.enlighten.o.cmd	3c173da06bd76381e4788882bbb38508489c50516edb2119a835465c2a7f0635	rewrite/compiler-predicates/probes/CP294a4877e906e96d5008363b.c	8886c890a0cd04de59e7ac1d30ef8fade9c7d977209d4b5d57b192d6e2cde5cd	rewrite/compiler-predicates/commands/CP294a4877e906e96d5008363b.json	eec036b8030be3775e3db02319128d8f549171cdbb9c2097c4dc51727dc9575f	rewrite/compiler-predicates/stdout/CP294a4877e906e96d5008363b.txt	d89c83f6d6aa664f24e150d9c5c53d70d67cf25629361a7c83492192f7f7ee91	rewrite/compiler-predicates/stderr/CP294a4877e906e96d5008363b.txt	e3b0c44298fc1c149afbf4c8996fb92427ae41e4649b934ca495991b7852b855	0	2026-08-05T16:43:47.255Z	2026-08-05T16:43:47.281Z	PROVEN
CP10bcea60c8e2cd2a73c610d2	__has_attribute	__error__	x86_64	x86_64-linux-gnu	1	vendor/linux/include/linux/compiler_attributes.h:137:5	425f94c2954b1fe80ebdbf9b29854e89750355df	a1cdb40573726de54a174da53c2eac8811dd84ab0145532784a47ec1c5efa6b4	cfb4e6fbb9b5281b15f0e09cb6d4f7f1866bf9bc1c69ae72715992b76c9bd670	/usr/lib/llvm-19/bin/clang	/usr/lib/llvm-19/bin/clang	0a3c55936ac43954fbe4914e6e73b577ca9e35e75d89ef13d3e28c187f41ca1a	Debian clang version 19.1.7 (3+b1)	rewrite/kbuild/x86_64/arch/x86/entry/.common.o.cmd	56d5fdff7f5ba563dfe430b948edc510a46b2b7bbb579b297f0058ed3f36f0a0	rewrite/compiler-predicates/probes/CP10bcea60c8e2cd2a73c610d2.c	2c8384c0da60cda54651aa244faa7db0154559ba0a199fd5ae71e18cab6c6eb6	rewrite/compiler-predicates/commands/CP10bcea60c8e2cd2a73c610d2.json	30e8cc29b921ad1f584b0ee6d70d5781b5b08730aea9e9b073223824875bf848	rewrite/compiler-predicates/stdout/CP10bcea60c8e2cd2a73c610d2.txt	5625ad4a8e2ad1376bbd11812427286d61e7c84d8f46e726dae6f05464b73be7	rewrite/compiler-predicates/stderr/CP10bcea60c8e2cd2a73c610d2.txt	e3b0c44298fc1c149afbf4c8996fb92427ae41e4649b934ca495991b7852b855	0	2026-08-05T16:43:47.291Z	2026-08-05T16:43:47.307Z	PROVEN
CPaf44db828843ceb9110fecfd	__has_attribute	__externally_visible__	aarch64	aarch64-linux-gnu	0	vendor/linux/include/linux/compiler_attributes.h:148:5	425f94c2954b1fe80ebdbf9b29854e89750355df	b374fc24835033cb3e317e45c89dd2ba3335ebac7ab81b2ac548fac5bffc1578	cfb4e6fbb9b5281b15f0e09cb6d4f7f1866bf9bc1c69ae72715992b76c9bd670	/usr/lib/llvm-19/bin/clang	/usr/lib/llvm-19/bin/clang	0a3c55936ac43954fbe4914e6e73b577ca9e35e75d89ef13d3e28c187f41ca1a	Debian clang version 19.1.7 (3+b1)	rewrite/kbuild/aarch64/arch/arm/xen/.enlighten.o.cmd	3c173da06bd76381e4788882bbb38508489c50516edb2119a835465c2a7f0635	rewrite/compiler-predicates/probes/CPaf44db828843ceb9110fecfd.c	f8b1dcf7fe8946239cd84eb968dc1d247ff79b99fa88a41fc1b25cae00a37d07	rewrite/compiler-predicates/commands/CPaf44db828843ceb9110fecfd.json	2b4d322422fb57456314d5941ab8f87e0f71d7af36167221070a8129794e39c3	rewrite/compiler-predicates/stdout/CPaf44db828843ceb9110fecfd.txt	f0909418043de7826ae120f984c7e4e7e220fab2e05b6f73aaeecbcaa78390e0	rewrite/compiler-predicates/stderr/CPaf44db828843ceb9110fecfd.txt	e3b0c44298fc1c149afbf4c8996fb92427ae41e4649b934ca495991b7852b855	0	2026-08-05T16:43:47.317Z	2026-08-05T16:43:47.336Z	PROVEN
CP1f2e4de3242394e9da863350	__has_attribute	__externally_visible__	x86_64	x86_64-linux-gnu	0	vendor/linux/include/linux/compiler_attributes.h:148:5	425f94c2954b1fe80ebdbf9b29854e89750355df	a1cdb40573726de54a174da53c2eac8811dd84ab0145532784a47ec1c5efa6b4	cfb4e6fbb9b5281b15f0e09cb6d4f7f1866bf9bc1c69ae72715992b76c9bd670	/usr/lib/llvm-19/bin/clang	/usr/lib/llvm-19/bin/clang	0a3c55936ac43954fbe4914e6e73b577ca9e35e75d89ef13d3e28c187f41ca1a	Debian clang version 19.1.7 (3+b1)	rewrite/kbuild/x86_64/arch/x86/entry/.common.o.cmd	56d5fdff7f5ba563dfe430b948edc510a46b2b7bbb579b297f0058ed3f36f0a0	rewrite/compiler-predicates/probes/CP1f2e4de3242394e9da863350.c	c56e8ec3026eddcec17643ef0da6c34f78b297d49e97f6aca98a149e755424ed	rewrite/compiler-predicates/commands/CP1f2e4de3242394e9da863350.json	0e8c40b8c28468ebd1a8485a3892da436a61d1c285fb69bfd5e365892c5f36d2	rewrite/compiler-predicates/stdout/CP1f2e4de3242394e9da863350.txt	029bccf75c7e6a8c0f391d7fb3bbac5fa1a904d70cd3cec6579a671fffe3af0c	rewrite/compiler-predicates/stderr/CP1f2e4de3242394e9da863350.txt	e3b0c44298fc1c149afbf4c8996fb92427ae41e4649b934ca495991b7852b855	0	2026-08-05T16:43:47.346Z	2026-08-05T16:43:47.364Z	PROVEN
CPbafb1bb9b300d24f9e772cb9	__has_attribute	__fallthrough__	aarch64	aarch64-linux-gnu	1	vendor/linux/include/acpi/platform/acgcc.h:60:5;vendor/linux/include/linux/compiler_attributes.h:213:5	425f94c2954b1fe80ebdbf9b29854e89750355df	b374fc24835033cb3e317e45c89dd2ba3335ebac7ab81b2ac548fac5bffc1578	cfb4e6fbb9b5281b15f0e09cb6d4f7f1866bf9bc1c69ae72715992b76c9bd670	/usr/lib/llvm-19/bin/clang	/usr/lib/llvm-19/bin/clang	0a3c55936ac43954fbe4914e6e73b577ca9e35e75d89ef13d3e28c187f41ca1a	Debian clang version 19.1.7 (3+b1)	rewrite/kbuild/aarch64/arch/arm/xen/.enlighten.o.cmd	3c173da06bd76381e4788882bbb38508489c50516edb2119a835465c2a7f0635	rewrite/compiler-predicates/probes/CPbafb1bb9b300d24f9e772cb9.c	76dda50ae09bbfb804e0ff862d2b3dd4db694735e9dfd2201b85c0a96bd03d48	rewrite/compiler-predicates/commands/CPbafb1bb9b300d24f9e772cb9.json	88b223c38cf8a2071d12c0a0e5ea2d5108c01e3f491d629ca765ad3e0f5c9914	rewrite/compiler-predicates/stdout/CPbafb1bb9b300d24f9e772cb9.txt	cae3f9c156771cdc476b7ec1da701de19131d12ee8ca9c2da2afbf25733ff58c	rewrite/compiler-predicates/stderr/CPbafb1bb9b300d24f9e772cb9.txt	e3b0c44298fc1c149afbf4c8996fb92427ae41e4649b934ca495991b7852b855	0	2026-08-05T16:43:47.374Z	2026-08-05T16:43:47.394Z	PROVEN
CP931fbcb12fd5125aaa6b4b92	__has_attribute	__fallthrough__	x86_64	x86_64-linux-gnu	1	vendor/linux/include/acpi/platform/acgcc.h:60:5;vendor/linux/include/linux/compiler_attributes.h:213:5	425f94c2954b1fe80ebdbf9b29854e89750355df	a1cdb40573726de54a174da53c2eac8811dd84ab0145532784a47ec1c5efa6b4	cfb4e6fbb9b5281b15f0e09cb6d4f7f1866bf9bc1c69ae72715992b76c9bd670	/usr/lib/llvm-19/bin/clang	/usr/lib/llvm-19/bin/clang	0a3c55936ac43954fbe4914e6e73b577ca9e35e75d89ef13d3e28c187f41ca1a	Debian clang version 19.1.7 (3+b1)	rewrite/kbuild/x86_64/arch/x86/entry/.common.o.cmd	56d5fdff7f5ba563dfe430b948edc510a46b2b7bbb579b297f0058ed3f36f0a0	rewrite/compiler-predicates/probes/CP931fbcb12fd5125aaa6b4b92.c	234100d68f78e394dd39e83fea94d5547298c12dee92d0a721fd225ed2c29bc9	rewrite/compiler-predicates/commands/CP931fbcb12fd5125aaa6b4b92.json	2f27d1026494c2b5d8a5f0d34ad456a70e4db0734d08949405bfcdbfb95cf501	rewrite/compiler-predicates/stdout/CP931fbcb12fd5125aaa6b4b92.txt	0ff7389b9b942086f9cecd19d4cb38349e9b2e802cc85ec0f1ca9b223a33df69	rewrite/compiler-predicates/stderr/CP931fbcb12fd5125aaa6b4b92.txt	e3b0c44298fc1c149afbf4c8996fb92427ae41e4649b934ca495991b7852b855	0	2026-08-05T16:43:47.403Z	2026-08-05T16:43:47.419Z	PROVEN
CP7591c8f82bb8ab252e81e66e	__has_attribute	__no_caller_saved_registers__	aarch64	aarch64-linux-gnu	0	vendor/linux/include/linux/compiler_attributes.h:185:5	425f94c2954b1fe80ebdbf9b29854e89750355df	b374fc24835033cb3e317e45c89dd2ba3335ebac7ab81b2ac548fac5bffc1578	cfb4e6fbb9b5281b15f0e09cb6d4f7f1866bf9bc1c69ae72715992b76c9bd670	/usr/lib/llvm-19/bin/clang	/usr/lib/llvm-19/bin/clang	0a3c55936ac43954fbe4914e6e73b577ca9e35e75d89ef13d3e28c187f41ca1a	Debian clang version 19.1.7 (3+b1)	rewrite/kbuild/aarch64/arch/arm/xen/.enlighten.o.cmd	3c173da06bd76381e4788882bbb38508489c50516edb2119a835465c2a7f0635	rewrite/compiler-predicates/probes/CP7591c8f82bb8ab252e81e66e.c	6b771312aff4396b0243907c2a378145f5e4ea3b0979299c1deff545478a91f4	rewrite/compiler-predicates/commands/CP7591c8f82bb8ab252e81e66e.json	2c3dc27eac9eebdfb43afa072c7d6ae26a443cdb3d1c495a522292f1f7820722	rewrite/compiler-predicates/stdout/CP7591c8f82bb8ab252e81e66e.txt	5c0221d56a2093feeab87dbea89cf1bea1e266dc060b59b75394a54b6779cb49	rewrite/compiler-predicates/stderr/CP7591c8f82bb8ab252e81e66e.txt	e3b0c44298fc1c149afbf4c8996fb92427ae41e4649b934ca495991b7852b855	0	2026-08-05T16:43:47.429Z	2026-08-05T16:43:47.446Z	PROVEN
CP0ca70ba61ec291c9acd6460f	__has_attribute	__no_caller_saved_registers__	x86_64	x86_64-linux-gnu	1	vendor/linux/include/linux/compiler_attributes.h:185:5	425f94c2954b1fe80ebdbf9b29854e89750355df	a1cdb40573726de54a174da53c2eac8811dd84ab0145532784a47ec1c5efa6b4	cfb4e6fbb9b5281b15f0e09cb6d4f7f1866bf9bc1c69ae72715992b76c9bd670	/usr/lib/llvm-19/bin/clang	/usr/lib/llvm-19/bin/clang	0a3c55936ac43954fbe4914e6e73b577ca9e35e75d89ef13d3e28c187f41ca1a	Debian clang version 19.1.7 (3+b1)	rewrite/kbuild/x86_64/arch/x86/entry/.common.o.cmd	56d5fdff7f5ba563dfe430b948edc510a46b2b7bbb579b297f0058ed3f36f0a0	rewrite/compiler-predicates/probes/CP0ca70ba61ec291c9acd6460f.c	b4aedb38c5fea1d09040f496d3afa064e6d0da1c5372e39291e8e1355eafb23d	rewrite/compiler-predicates/commands/CP0ca70ba61ec291c9acd6460f.json	f2498526d35ecdbb24d2fe61ec9277e4edbbae3060ef6e382db41b6db819c088	rewrite/compiler-predicates/stdout/CP0ca70ba61ec291c9acd6460f.txt	9887329d09ee1460456ddc6c23964eb8421ebba297114a39b23f67640d309c5a	rewrite/compiler-predicates/stderr/CP0ca70ba61ec291c9acd6460f.txt	e3b0c44298fc1c149afbf4c8996fb92427ae41e4649b934ca495991b7852b855	0	2026-08-05T16:43:47.456Z	2026-08-05T16:43:47.474Z	PROVEN
CP3a7670799e6c2699c0788b18	__has_attribute	__no_profile_instrument_function__	aarch64	aarch64-linux-gnu	1	vendor/linux/include/linux/compiler_attributes.h:260:5	425f94c2954b1fe80ebdbf9b29854e89750355df	b374fc24835033cb3e317e45c89dd2ba3335ebac7ab81b2ac548fac5bffc1578	cfb4e6fbb9b5281b15f0e09cb6d4f7f1866bf9bc1c69ae72715992b76c9bd670	/usr/lib/llvm-19/bin/clang	/usr/lib/llvm-19/bin/clang	0a3c55936ac43954fbe4914e6e73b577ca9e35e75d89ef13d3e28c187f41ca1a	Debian clang version 19.1.7 (3+b1)	rewrite/kbuild/aarch64/arch/arm/xen/.enlighten.o.cmd	3c173da06bd76381e4788882bbb38508489c50516edb2119a835465c2a7f0635	rewrite/compiler-predicates/probes/CP3a7670799e6c2699c0788b18.c	b9ac76d6bee6cce62f7ee5c69b3f8f5ebc2629a8c10fc7bdce6b778eafd6d2d6	rewrite/compiler-predicates/commands/CP3a7670799e6c2699c0788b18.json	9de9bfdadd8e76ae09f57f2f4646875fa194e8a39da57579701abc968cc452a6	rewrite/compiler-predicates/stdout/CP3a7670799e6c2699c0788b18.txt	2d0d307d020eb42766759fc87f7b7a3e5f8d1054d783f3983649810c5c5c6cea	rewrite/compiler-predicates/stderr/CP3a7670799e6c2699c0788b18.txt	e3b0c44298fc1c149afbf4c8996fb92427ae41e4649b934ca495991b7852b855	0	2026-08-05T16:43:47.485Z	2026-08-05T16:43:47.507Z	PROVEN
CP8ca9d879f642423e6a45e7f7	__has_attribute	__no_profile_instrument_function__	x86_64	x86_64-linux-gnu	1	vendor/linux/include/linux/compiler_attributes.h:260:5	425f94c2954b1fe80ebdbf9b29854e89750355df	a1cdb40573726de54a174da53c2eac8811dd84ab0145532784a47ec1c5efa6b4	cfb4e6fbb9b5281b15f0e09cb6d4f7f1866bf9bc1c69ae72715992b76c9bd670	/usr/lib/llvm-19/bin/clang	/usr/lib/llvm-19/bin/clang	0a3c55936ac43954fbe4914e6e73b577ca9e35e75d89ef13d3e28c187f41ca1a	Debian clang version 19.1.7 (3+b1)	rewrite/kbuild/x86_64/arch/x86/entry/.common.o.cmd	56d5fdff7f5ba563dfe430b948edc510a46b2b7bbb579b297f0058ed3f36f0a0	rewrite/compiler-predicates/probes/CP8ca9d879f642423e6a45e7f7.c	5eb8c848068b7d8b98953cae144a7ca5efc38eb1b37f303639b19aa1021dfbcd	rewrite/compiler-predicates/commands/CP8ca9d879f642423e6a45e7f7.json	8ec5ff4471f0334f0f7bd8198297c01eec2c4190be64281d942c56fbef76a184	rewrite/compiler-predicates/stdout/CP8ca9d879f642423e6a45e7f7.txt	29a17a937c7dd8148d676ead13f6353f039638e4b9ef6893ac53cdf1674914aa	rewrite/compiler-predicates/stderr/CP8ca9d879f642423e6a45e7f7.txt	e3b0c44298fc1c149afbf4c8996fb92427ae41e4649b934ca495991b7852b855	0	2026-08-05T16:43:47.516Z	2026-08-05T16:43:47.533Z	PROVEN
CP578ecba4b714e8064a468da8	__has_attribute	__no_stack_protector__	aarch64	aarch64-linux-gnu	1	vendor/linux/include/linux/compiler_attributes.h:279:5;vendor/linux/init/main.c:1181:6	425f94c2954b1fe80ebdbf9b29854e89750355df	b374fc24835033cb3e317e45c89dd2ba3335ebac7ab81b2ac548fac5bffc1578	cfb4e6fbb9b5281b15f0e09cb6d4f7f1866bf9bc1c69ae72715992b76c9bd670	/usr/lib/llvm-19/bin/clang	/usr/lib/llvm-19/bin/clang	0a3c55936ac43954fbe4914e6e73b577ca9e35e75d89ef13d3e28c187f41ca1a	Debian clang version 19.1.7 (3+b1)	rewrite/kbuild/aarch64/init/.main.o.cmd	1a5e5fa89d89b0c8291f13097919bac14e4a9a57d012042b561345fe2f2622a9	rewrite/compiler-predicates/probes/CP578ecba4b714e8064a468da8.c	0148f5ea69425298c5427cf701d7415f57a5a3f1db4717b07a1237f4f52a0644	rewrite/compiler-predicates/commands/CP578ecba4b714e8064a468da8.json	6c0ca9fdfd3d873473aad1904ce089578346d0b54e3f03102776bd7ee6adcc6c	rewrite/compiler-predicates/stdout/CP578ecba4b714e8064a468da8.txt	ef26b5f034fc09fc5f42bf7dc26e8402b7a91f0145a222d41f2363e61e35a9ac	rewrite/compiler-predicates/stderr/CP578ecba4b714e8064a468da8.txt	e3b0c44298fc1c149afbf4c8996fb92427ae41e4649b934ca495991b7852b855	0	2026-08-05T16:43:47.543Z	2026-08-05T16:43:47.561Z	PROVEN
CP296129678ebdf8969faf2ca9	__has_attribute	__no_stack_protector__	x86_64	x86_64-linux-gnu	1	vendor/linux/include/linux/compiler_attributes.h:279:5;vendor/linux/init/main.c:1181:6	425f94c2954b1fe80ebdbf9b29854e89750355df	a1cdb40573726de54a174da53c2eac8811dd84ab0145532784a47ec1c5efa6b4	cfb4e6fbb9b5281b15f0e09cb6d4f7f1866bf9bc1c69ae72715992b76c9bd670	/usr/lib/llvm-19/bin/clang	/usr/lib/llvm-19/bin/clang	0a3c55936ac43954fbe4914e6e73b577ca9e35e75d89ef13d3e28c187f41ca1a	Debian clang version 19.1.7 (3+b1)	rewrite/kbuild/x86_64/init/.main.o.cmd	b9d13e4ea9ea6b6fc43983f7fafb42c530f45a79360908093504259195e52474	rewrite/compiler-predicates/probes/CP296129678ebdf8969faf2ca9.c	4814adb8caa83ee8a6402df7ab80f69bf86fa8c0b89d553688d3bc371b738178	rewrite/compiler-predicates/commands/CP296129678ebdf8969faf2ca9.json	6ca9f42299596a495fce2acfe080a4b0398d148e04e75163c7bcbd39ad5196e9	rewrite/compiler-predicates/stdout/CP296129678ebdf8969faf2ca9.txt	da34ca97b036164f4d270801215eb516c94351bbba18ff62c54cd34950ebafca	rewrite/compiler-predicates/stderr/CP296129678ebdf8969faf2ca9.txt	e3b0c44298fc1c149afbf4c8996fb92427ae41e4649b934ca495991b7852b855	0	2026-08-05T16:43:47.572Z	2026-08-05T16:43:47.593Z	PROVEN
CP116724a37a01b386bf57aa73	__has_attribute	__noclone__	aarch64	aarch64-linux-gnu	0	vendor/linux/include/linux/compiler_attributes.h:196:5	425f94c2954b1fe80ebdbf9b29854e89750355df	b374fc24835033cb3e317e45c89dd2ba3335ebac7ab81b2ac548fac5bffc1578	cfb4e6fbb9b5281b15f0e09cb6d4f7f1866bf9bc1c69ae72715992b76c9bd670	/usr/lib/llvm-19/bin/clang	/usr/lib/llvm-19/bin/clang	0a3c55936ac43954fbe4914e6e73b577ca9e35e75d89ef13d3e28c187f41ca1a	Debian clang version 19.1.7 (3+b1)	rewrite/kbuild/aarch64/arch/arm/xen/.enlighten.o.cmd	3c173da06bd76381e4788882bbb38508489c50516edb2119a835465c2a7f0635	rewrite/compiler-predicates/probes/CP116724a37a01b386bf57aa73.c	93c8d937fc6698520d18a3bbdf032f5e61b37f5ade6d2b2b9e7ef1b70a267339	rewrite/compiler-predicates/commands/CP116724a37a01b386bf57aa73.json	57d7358ff422e837be0482c125da147285e74ba5a356186a8ca4cd8c847cb447	rewrite/compiler-predicates/stdout/CP116724a37a01b386bf57aa73.txt	c7db123b23c8dc4407c98fee8530f031b397dec3f3a763ed77f018b81cc02ca7	rewrite/compiler-predicates/stderr/CP116724a37a01b386bf57aa73.txt	e3b0c44298fc1c149afbf4c8996fb92427ae41e4649b934ca495991b7852b855	0	2026-08-05T16:43:47.604Z	2026-08-05T16:43:47.631Z	PROVEN
CPc5f00436955ffde889c26c51	__has_attribute	__noclone__	x86_64	x86_64-linux-gnu	0	vendor/linux/include/linux/compiler_attributes.h:196:5	425f94c2954b1fe80ebdbf9b29854e89750355df	a1cdb40573726de54a174da53c2eac8811dd84ab0145532784a47ec1c5efa6b4	cfb4e6fbb9b5281b15f0e09cb6d4f7f1866bf9bc1c69ae72715992b76c9bd670	/usr/lib/llvm-19/bin/clang	/usr/lib/llvm-19/bin/clang	0a3c55936ac43954fbe4914e6e73b577ca9e35e75d89ef13d3e28c187f41ca1a	Debian clang version 19.1.7 (3+b1)	rewrite/kbuild/x86_64/arch/x86/entry/.common.o.cmd	56d5fdff7f5ba563dfe430b948edc510a46b2b7bbb579b297f0058ed3f36f0a0	rewrite/compiler-predicates/probes/CPc5f00436955ffde889c26c51.c	727085c9517e79d44e0d87fed2507385c735079886411be34e8627f94cbed693	rewrite/compiler-predicates/commands/CPc5f00436955ffde889c26c51.json	640f928e6d82415b86cf9ac2666b37f2f2a47d20de58b1f029e87c9a6f6b2f6d	rewrite/compiler-predicates/stdout/CPc5f00436955ffde889c26c51.txt	628e6987bc2778c1f76168f06e4291e21deda4ee2cfe481013ae8b174613a8bf	rewrite/compiler-predicates/stderr/CPc5f00436955ffde889c26c51.txt	e3b0c44298fc1c149afbf4c8996fb92427ae41e4649b934ca495991b7852b855	0	2026-08-05T16:43:47.641Z	2026-08-05T16:43:47.658Z	PROVEN
CPdf9251a2a6e59aea4f619e50	__has_attribute	__nonstring__	aarch64	aarch64-linux-gnu	0	vendor/linux/include/acpi/platform/acgcc.h:79:5;vendor/linux/include/linux/compiler.h:216:5;vendor/linux/include/linux/compiler_attributes.h:248:5	425f94c2954b1fe80ebdbf9b29854e89750355df	b374fc24835033cb3e317e45c89dd2ba3335ebac7ab81b2ac548fac5bffc1578	cfb4e6fbb9b5281b15f0e09cb6d4f7f1866bf9bc1c69ae72715992b76c9bd670	/usr/lib/llvm-19/bin/clang	/usr/lib/llvm-19/bin/clang	0a3c55936ac43954fbe4914e6e73b577ca9e35e75d89ef13d3e28c187f41ca1a	Debian clang version 19.1.7 (3+b1)	rewrite/kbuild/aarch64/arch/arm/xen/.enlighten.o.cmd	3c173da06bd76381e4788882bbb38508489c50516edb2119a835465c2a7f0635	rewrite/compiler-predicates/probes/CPdf9251a2a6e59aea4f619e50.c	13f782e1024d347b0ec6db165f336a9d413e4a4da18b1d3b46878fdf43a9975d	rewrite/compiler-predicates/commands/CPdf9251a2a6e59aea4f619e50.json	9c57d8fa2ca314368562ddd1f9921b333e66a105dc20eb779c99e64e7677f901	rewrite/compiler-predicates/stdout/CPdf9251a2a6e59aea4f619e50.txt	c091d53c12937a97d8f1eb65bbd0a13fa841056326260474e82ebe596c197c6e	rewrite/compiler-predicates/stderr/CPdf9251a2a6e59aea4f619e50.txt	e3b0c44298fc1c149afbf4c8996fb92427ae41e4649b934ca495991b7852b855	0	2026-08-05T16:43:47.667Z	2026-08-05T16:43:47.688Z	PROVEN
CP665ccaedb3183f1f5c902543	__has_attribute	__nonstring__	x86_64	x86_64-linux-gnu	0	vendor/linux/include/acpi/platform/acgcc.h:79:5;vendor/linux/include/linux/compiler.h:216:5;vendor/linux/include/linux/compiler_attributes.h:248:5	425f94c2954b1fe80ebdbf9b29854e89750355df	a1cdb40573726de54a174da53c2eac8811dd84ab0145532784a47ec1c5efa6b4	cfb4e6fbb9b5281b15f0e09cb6d4f7f1866bf9bc1c69ae72715992b76c9bd670	/usr/lib/llvm-19/bin/clang	/usr/lib/llvm-19/bin/clang	0a3c55936ac43954fbe4914e6e73b577ca9e35e75d89ef13d3e28c187f41ca1a	Debian clang version 19.1.7 (3+b1)	rewrite/kbuild/x86_64/arch/x86/entry/.common.o.cmd	56d5fdff7f5ba563dfe430b948edc510a46b2b7bbb579b297f0058ed3f36f0a0	rewrite/compiler-predicates/probes/CP665ccaedb3183f1f5c902543.c	e177ff776a3b7587780dbbea23577d8efaab62ad78707c1f3e891c1382db6b74	rewrite/compiler-predicates/commands/CP665ccaedb3183f1f5c902543.json	9068a7b0918612361971799fe000ed049eea5dd4c3edab0f11a3fd297741aeba	rewrite/compiler-predicates/stdout/CP665ccaedb3183f1f5c902543.txt	33a1cc6cc9f19014023de038225a3de194204ebc94dee6eab2ea89f4a0586129	rewrite/compiler-predicates/stderr/CP665ccaedb3183f1f5c902543.txt	e3b0c44298fc1c149afbf4c8996fb92427ae41e4649b934ca495991b7852b855	0	2026-08-05T16:43:47.703Z	2026-08-05T16:43:47.725Z	PROVEN
CPc7ae18abc306431f383fa45f	__has_attribute	__overloadable__	aarch64	aarch64-linux-gnu	1	vendor/linux/include/linux/compiler_attributes.h:290:5	425f94c2954b1fe80ebdbf9b29854e89750355df	b374fc24835033cb3e317e45c89dd2ba3335ebac7ab81b2ac548fac5bffc1578	cfb4e6fbb9b5281b15f0e09cb6d4f7f1866bf9bc1c69ae72715992b76c9bd670	/usr/lib/llvm-19/bin/clang	/usr/lib/llvm-19/bin/clang	0a3c55936ac43954fbe4914e6e73b577ca9e35e75d89ef13d3e28c187f41ca1a	Debian clang version 19.1.7 (3+b1)	rewrite/kbuild/aarch64/arch/arm/xen/.enlighten.o.cmd	3c173da06bd76381e4788882bbb38508489c50516edb2119a835465c2a7f0635	rewrite/compiler-predicates/probes/CPc7ae18abc306431f383fa45f.c	6b17b46df313d76c6c2264f1ab71438c3c7164cc3f702e7b924c192e48304b2f	rewrite/compiler-predicates/commands/CPc7ae18abc306431f383fa45f.json	f62c5cc4577aa15d60d8851582209daed616508146d9b18683654ed94b1458e8	rewrite/compiler-predicates/stdout/CPc7ae18abc306431f383fa45f.txt	a9179b0cd0c7b750bf664bb7035b7e4fd12fe01e2e3a506c725911536d9b1c22	rewrite/compiler-predicates/stderr/CPc7ae18abc306431f383fa45f.txt	e3b0c44298fc1c149afbf4c8996fb92427ae41e4649b934ca495991b7852b855	0	2026-08-05T16:43:47.735Z	2026-08-05T16:43:47.753Z	PROVEN
CP8f66120a5a02713301d4e440	__has_attribute	__overloadable__	x86_64	x86_64-linux-gnu	1	vendor/linux/include/linux/compiler_attributes.h:290:5	425f94c2954b1fe80ebdbf9b29854e89750355df	a1cdb40573726de54a174da53c2eac8811dd84ab0145532784a47ec1c5efa6b4	cfb4e6fbb9b5281b15f0e09cb6d4f7f1866bf9bc1c69ae72715992b76c9bd670	/usr/lib/llvm-19/bin/clang	/usr/lib/llvm-19/bin/clang	0a3c55936ac43954fbe4914e6e73b577ca9e35e75d89ef13d3e28c187f41ca1a	Debian clang version 19.1.7 (3+b1)	rewrite/kbuild/x86_64/arch/x86/entry/.common.o.cmd	56d5fdff7f5ba563dfe430b948edc510a46b2b7bbb579b297f0058ed3f36f0a0	rewrite/compiler-predicates/probes/CP8f66120a5a02713301d4e440.c	2e8f6dc4924b7d94f20f8fe67d57acae96a560d7200f7152970228c68a78843f	rewrite/compiler-predicates/commands/CP8f66120a5a02713301d4e440.json	833604eab2ff30413ece19671a39c1a4bd71db92b59162d3f2cb0bbf36b3998f	rewrite/compiler-predicates/stdout/CP8f66120a5a02713301d4e440.txt	6216f7c390a9eb32d87a8d00c673e493b0898906d7fb878d9fb2d4156210a986	rewrite/compiler-predicates/stderr/CP8f66120a5a02713301d4e440.txt	e3b0c44298fc1c149afbf4c8996fb92427ae41e4649b934ca495991b7852b855	0	2026-08-05T16:43:47.763Z	2026-08-05T16:43:47.781Z	PROVEN
CPadd49b00e798c19c3ab35b82	__has_attribute	__pass_dynamic_object_size__	aarch64	aarch64-linux-gnu	1	vendor/linux/include/linux/compiler_attributes.h:309:5	425f94c2954b1fe80ebdbf9b29854e89750355df	b374fc24835033cb3e317e45c89dd2ba3335ebac7ab81b2ac548fac5bffc1578	cfb4e6fbb9b5281b15f0e09cb6d4f7f1866bf9bc1c69ae72715992b76c9bd670	/usr/lib/llvm-19/bin/clang	/usr/lib/llvm-19/bin/clang	0a3c55936ac43954fbe4914e6e73b577ca9e35e75d89ef13d3e28c187f41ca1a	Debian clang version 19.1.7 (3+b1)	rewrite/kbuild/aarch64/arch/arm/xen/.enlighten.o.cmd	3c173da06bd76381e4788882bbb38508489c50516edb2119a835465c2a7f0635	rewrite/compiler-predicates/probes/CPadd49b00e798c19c3ab35b82.c	f39ef48330ed3a8a0849af4e91d5e72568133b61b65c7decccf2a496c3e510a9	rewrite/compiler-predicates/commands/CPadd49b00e798c19c3ab35b82.json	40e7724651b920383edaa0f707bedc1e0d6d42c9fa42bf68e1574a4ae4fca355	rewrite/compiler-predicates/stdout/CPadd49b00e798c19c3ab35b82.txt	4d47ceb4679b8b07d8970bd951bc3d543b80174cf1091ec8cb39855d6a1b97d0	rewrite/compiler-predicates/stderr/CPadd49b00e798c19c3ab35b82.txt	e3b0c44298fc1c149afbf4c8996fb92427ae41e4649b934ca495991b7852b855	0	2026-08-05T16:43:47.790Z	2026-08-05T16:43:47.812Z	PROVEN
CP5efa721df21203581e03d883	__has_attribute	__pass_dynamic_object_size__	x86_64	x86_64-linux-gnu	1	vendor/linux/include/linux/compiler_attributes.h:309:5	425f94c2954b1fe80ebdbf9b29854e89750355df	a1cdb40573726de54a174da53c2eac8811dd84ab0145532784a47ec1c5efa6b4	cfb4e6fbb9b5281b15f0e09cb6d4f7f1866bf9bc1c69ae72715992b76c9bd670	/usr/lib/llvm-19/bin/clang	/usr/lib/llvm-19/bin/clang	0a3c55936ac43954fbe4914e6e73b577ca9e35e75d89ef13d3e28c187f41ca1a	Debian clang version 19.1.7 (3+b1)	rewrite/kbuild/x86_64/arch/x86/entry/.common.o.cmd	56d5fdff7f5ba563dfe430b948edc510a46b2b7bbb579b297f0058ed3f36f0a0	rewrite/compiler-predicates/probes/CP5efa721df21203581e03d883.c	5975a5b034868ef9fdca3f3dd72e3d668160020805849d97b6bd7c488f139597	rewrite/compiler-predicates/commands/CP5efa721df21203581e03d883.json	71ff42d92b1ce9d36435efd77e95a227067185e1c2e4a9925da97838a01c94f1	rewrite/compiler-predicates/stdout/CP5efa721df21203581e03d883.txt	5710d7d0cca6fda2ecd90040f13631ff6dd7921b3d49b57bfd71860fb7d19749	rewrite/compiler-predicates/stderr/CP5efa721df21203581e03d883.txt	e3b0c44298fc1c149afbf4c8996fb92427ae41e4649b934ca495991b7852b855	0	2026-08-05T16:43:47.822Z	2026-08-05T16:43:47.842Z	PROVEN
CPc55ed024747d7929a61f2386	__has_attribute	__pass_object_size__	aarch64	aarch64-linux-gnu	1	vendor/linux/include/linux/compiler_attributes.h:314:5	425f94c2954b1fe80ebdbf9b29854e89750355df	b374fc24835033cb3e317e45c89dd2ba3335ebac7ab81b2ac548fac5bffc1578	cfb4e6fbb9b5281b15f0e09cb6d4f7f1866bf9bc1c69ae72715992b76c9bd670	/usr/lib/llvm-19/bin/clang	/usr/lib/llvm-19/bin/clang	0a3c55936ac43954fbe4914e6e73b577ca9e35e75d89ef13d3e28c187f41ca1a	Debian clang version 19.1.7 (3+b1)	rewrite/kbuild/aarch64/arch/arm/xen/.enlighten.o.cmd	3c173da06bd76381e4788882bbb38508489c50516edb2119a835465c2a7f0635	rewrite/compiler-predicates/probes/CPc55ed024747d7929a61f2386.c	42c8aac12644b1372607ad9cbac125facd0b54f594c765b0dcccf2d468e17598	rewrite/compiler-predicates/commands/CPc55ed024747d7929a61f2386.json	a17b8bd8d4af72e4acc974f3527fe45b9b4b237fd334d26678190f6f53f28694	rewrite/compiler-predicates/stdout/CPc55ed024747d7929a61f2386.txt	43bc43584bffe255d7b306587bb3c3444c87a2250c7501e8cebabc097ba255cf	rewrite/compiler-predicates/stderr/CPc55ed024747d7929a61f2386.txt	e3b0c44298fc1c149afbf4c8996fb92427ae41e4649b934ca495991b7852b855	0	2026-08-05T16:43:47.850Z	2026-08-05T16:43:47.868Z	PROVEN
CPa2a1b256b9bcd18d68eb354f	__has_attribute	__pass_object_size__	x86_64	x86_64-linux-gnu	1	vendor/linux/include/linux/compiler_attributes.h:314:5	425f94c2954b1fe80ebdbf9b29854e89750355df	a1cdb40573726de54a174da53c2eac8811dd84ab0145532784a47ec1c5efa6b4	cfb4e6fbb9b5281b15f0e09cb6d4f7f1866bf9bc1c69ae72715992b76c9bd670	/usr/lib/llvm-19/bin/clang	/usr/lib/llvm-19/bin/clang	0a3c55936ac43954fbe4914e6e73b577ca9e35e75d89ef13d3e28c187f41ca1a	Debian clang version 19.1.7 (3+b1)	rewrite/kbuild/x86_64/arch/x86/entry/.common.o.cmd	56d5fdff7f5ba563dfe430b948edc510a46b2b7bbb579b297f0058ed3f36f0a0	rewrite/compiler-predicates/probes/CPa2a1b256b9bcd18d68eb354f.c	3ffba8cb4cd55f52f6cf655c6e6677bb63121b034836e086b2e29da934f231de	rewrite/compiler-predicates/commands/CPa2a1b256b9bcd18d68eb354f.json	9a073794fbae8016964a4882fc4ddeb33e7ef92bd82bd1daae6865b59c27342d	rewrite/compiler-predicates/stdout/CPa2a1b256b9bcd18d68eb354f.txt	eba71d0577a48341d6dc6af9731f7334acf24a7248b1589af70ed65e92f211ff	rewrite/compiler-predicates/stderr/CPa2a1b256b9bcd18d68eb354f.txt	e3b0c44298fc1c149afbf4c8996fb92427ae41e4649b934ca495991b7852b855	0	2026-08-05T16:43:47.877Z	2026-08-05T16:43:47.896Z	PROVEN
CPf60a5908c0d30f09ac1588bf	__has_attribute	__preserve_most__	aarch64	aarch64-linux-gnu	1	vendor/linux/include/linux/compiler_types.h:139:5	425f94c2954b1fe80ebdbf9b29854e89750355df	b374fc24835033cb3e317e45c89dd2ba3335ebac7ab81b2ac548fac5bffc1578	cfb4e6fbb9b5281b15f0e09cb6d4f7f1866bf9bc1c69ae72715992b76c9bd670	/usr/lib/llvm-19/bin/clang	/usr/lib/llvm-19/bin/clang	0a3c55936ac43954fbe4914e6e73b577ca9e35e75d89ef13d3e28c187f41ca1a	Debian clang version 19.1.7 (3+b1)	rewrite/kbuild/aarch64/arch/arm/xen/.enlighten.o.cmd	3c173da06bd76381e4788882bbb38508489c50516edb2119a835465c2a7f0635	rewrite/compiler-predicates/probes/CPf60a5908c0d30f09ac1588bf.c	fce595136b320c2513d7525511a000e571d7b4861ba5a3eeb35acdc2969568f4	rewrite/compiler-predicates/commands/CPf60a5908c0d30f09ac1588bf.json	57b5aa6e5c56a32ef486cf33d21432316b3dfade41cd63b16c3805702d6231d4	rewrite/compiler-predicates/stdout/CPf60a5908c0d30f09ac1588bf.txt	6617709a4ffa9807ea0ea99e4cfb3f83ce766127837afd9e30231eb9e2e1e508	rewrite/compiler-predicates/stderr/CPf60a5908c0d30f09ac1588bf.txt	e3b0c44298fc1c149afbf4c8996fb92427ae41e4649b934ca495991b7852b855	0	2026-08-05T16:43:47.907Z	2026-08-05T16:43:47.928Z	PROVEN
CP9697420028a6c0f970d91aac	__has_attribute	__preserve_most__	x86_64	x86_64-linux-gnu	1	vendor/linux/include/linux/compiler_types.h:139:5	425f94c2954b1fe80ebdbf9b29854e89750355df	a1cdb40573726de54a174da53c2eac8811dd84ab0145532784a47ec1c5efa6b4	cfb4e6fbb9b5281b15f0e09cb6d4f7f1866bf9bc1c69ae72715992b76c9bd670	/usr/lib/llvm-19/bin/clang	/usr/lib/llvm-19/bin/clang	0a3c55936ac43954fbe4914e6e73b577ca9e35e75d89ef13d3e28c187f41ca1a	Debian clang version 19.1.7 (3+b1)	rewrite/kbuild/x86_64/arch/x86/entry/.common.o.cmd	56d5fdff7f5ba563dfe430b948edc510a46b2b7bbb579b297f0058ed3f36f0a0	rewrite/compiler-predicates/probes/CP9697420028a6c0f970d91aac.c	0ab80c9ebbcad2996687c3d515f4fb446d7f1191a719d12641184cc7e270b880	rewrite/compiler-predicates/commands/CP9697420028a6c0f970d91aac.json	e65d0a633286a7f72ab91bf97d9d36c64c4aaa9572d75957efd91c36172984e1	rewrite/compiler-predicates/stdout/CP9697420028a6c0f970d91aac.txt	eaa7622a048f96a9010337d1d45f45b74aa7213668415ed4462d5037becd9655	rewrite/compiler-predicates/stderr/CP9697420028a6c0f970d91aac.txt	e3b0c44298fc1c149afbf4c8996fb92427ae41e4649b934ca495991b7852b855	0	2026-08-05T16:43:47.939Z	2026-08-05T16:43:47.960Z	PROVEN
CPb531bd292f7e330eee502d18	__has_attribute	__retain__	aarch64	aarch64-linux-gnu	1	vendor/linux/include/linux/compiler_types.h:160:5	425f94c2954b1fe80ebdbf9b29854e89750355df	b374fc24835033cb3e317e45c89dd2ba3335ebac7ab81b2ac548fac5bffc1578	cfb4e6fbb9b5281b15f0e09cb6d4f7f1866bf9bc1c69ae72715992b76c9bd670	/usr/lib/llvm-19/bin/clang	/usr/lib/llvm-19/bin/clang	0a3c55936ac43954fbe4914e6e73b577ca9e35e75d89ef13d3e28c187f41ca1a	Debian clang version 19.1.7 (3+b1)	rewrite/kbuild/aarch64/arch/arm/xen/.enlighten.o.cmd	3c173da06bd76381e4788882bbb38508489c50516edb2119a835465c2a7f0635	rewrite/compiler-predicates/probes/CPb531bd292f7e330eee502d18.c	0072c8ef4e4db39a99ed08429e56c9f54c263f4f54f1d874a9d79a6c0ef262d8	rewrite/compiler-predicates/commands/CPb531bd292f7e330eee502d18.json	3f0f0624ff612b47b4ab55b31561c5f110b60b4580734223e20441aced5a7879	rewrite/compiler-predicates/stdout/CPb531bd292f7e330eee502d18.txt	9e56077f88b652338ad6f26537ac387c8a242ecf48ff653d837e77de124ddea7	rewrite/compiler-predicates/stderr/CPb531bd292f7e330eee502d18.txt	e3b0c44298fc1c149afbf4c8996fb92427ae41e4649b934ca495991b7852b855	0	2026-08-05T16:43:47.968Z	2026-08-05T16:43:47.985Z	PROVEN
CP5d540e532d41fa3c6da6b3ef	__has_attribute	__retain__	x86_64	x86_64-linux-gnu	1	vendor/linux/include/linux/compiler_types.h:160:5	425f94c2954b1fe80ebdbf9b29854e89750355df	a1cdb40573726de54a174da53c2eac8811dd84ab0145532784a47ec1c5efa6b4	cfb4e6fbb9b5281b15f0e09cb6d4f7f1866bf9bc1c69ae72715992b76c9bd670	/usr/lib/llvm-19/bin/clang	/usr/lib/llvm-19/bin/clang	0a3c55936ac43954fbe4914e6e73b577ca9e35e75d89ef13d3e28c187f41ca1a	Debian clang version 19.1.7 (3+b1)	rewrite/kbuild/x86_64/arch/x86/entry/.common.o.cmd	56d5fdff7f5ba563dfe430b948edc510a46b2b7bbb579b297f0058ed3f36f0a0	rewrite/compiler-predicates/probes/CP5d540e532d41fa3c6da6b3ef.c	c538776af3b39582302e4e3f1ab1d091d54b2dd7a1e630a5b65ea43d2c003e7d	rewrite/compiler-predicates/commands/CP5d540e532d41fa3c6da6b3ef.json	7b79ad09e7e1c1d8839f9802883c39e11abcb65b3b06d05591b4a88e10026e61	rewrite/compiler-predicates/stdout/CP5d540e532d41fa3c6da6b3ef.txt	7673f085c63c5eb73f51fdfe5947df2bc9db68e9daaaed8b069152d50bd3b8c3	rewrite/compiler-predicates/stderr/CP5d540e532d41fa3c6da6b3ef.txt	e3b0c44298fc1c149afbf4c8996fb92427ae41e4649b934ca495991b7852b855	0	2026-08-05T16:43:47.995Z	2026-08-05T16:43:48.013Z	PROVEN
CP5f89481ba7b94bb5ce7734ad	__has_attribute	__target__	aarch64	aarch64-linux-gnu	1	vendor/linux/lib/zstd/common/portability_macros.h:62:31	425f94c2954b1fe80ebdbf9b29854e89750355df	b374fc24835033cb3e317e45c89dd2ba3335ebac7ab81b2ac548fac5bffc1578	cfb4e6fbb9b5281b15f0e09cb6d4f7f1866bf9bc1c69ae72715992b76c9bd670	/usr/lib/llvm-19/bin/clang	/usr/lib/llvm-19/bin/clang	0a3c55936ac43954fbe4914e6e73b577ca9e35e75d89ef13d3e28c187f41ca1a	Debian clang version 19.1.7 (3+b1)	rewrite/kbuild/aarch64/lib/zstd/common/.entropy_common.o.cmd	d00ea5a9cecaf75b02b59a5a4280ad28c77247bdf2f8bc16fc1d0ac18a7baef8	rewrite/compiler-predicates/probes/CP5f89481ba7b94bb5ce7734ad.c	26e65a972f4a6a2e4cfb78fb87ef1e1ae0b238405afbafe0631f23215761b1cc	rewrite/compiler-predicates/commands/CP5f89481ba7b94bb5ce7734ad.json	a051e348c1aac7f11117f422a483123704f5db2020749752ec455c465a74e195	rewrite/compiler-predicates/stdout/CP5f89481ba7b94bb5ce7734ad.txt	e8a669d2d2d0d228891df4ec32002f14a620a4198a1b2583062b2117a753efd1	rewrite/compiler-predicates/stderr/CP5f89481ba7b94bb5ce7734ad.txt	e3b0c44298fc1c149afbf4c8996fb92427ae41e4649b934ca495991b7852b855	0	2026-08-05T16:43:48.023Z	2026-08-05T16:43:48.043Z	PROVEN
CP47201de5d0af16d0bd4e3a08	__has_attribute	__target__	x86_64	x86_64-linux-gnu	1	vendor/linux/lib/zstd/common/portability_macros.h:62:31	425f94c2954b1fe80ebdbf9b29854e89750355df	a1cdb40573726de54a174da53c2eac8811dd84ab0145532784a47ec1c5efa6b4	cfb4e6fbb9b5281b15f0e09cb6d4f7f1866bf9bc1c69ae72715992b76c9bd670	/usr/lib/llvm-19/bin/clang	/usr/lib/llvm-19/bin/clang	0a3c55936ac43954fbe4914e6e73b577ca9e35e75d89ef13d3e28c187f41ca1a	Debian clang version 19.1.7 (3+b1)	rewrite/kbuild/x86_64/lib/zstd/common/.entropy_common.o.cmd	081122ec5caf50b070da3bc258099390a5a07b5451030da4c7b8c471b7a7c2ea	rewrite/compiler-predicates/probes/CP47201de5d0af16d0bd4e3a08.c	36f7540dc9c8195b99ad9c03e3851e116e9d7cd73f2541fce89c732045a86c5c	rewrite/compiler-predicates/commands/CP47201de5d0af16d0bd4e3a08.json	4badef7d1c869bbe854f936304c6b6efffeac55c2c17eaaf73b7daaaa99a9700	rewrite/compiler-predicates/stdout/CP47201de5d0af16d0bd4e3a08.txt	a55d38cfafee0ed23304aa186dcbe9066f39a4e3294319dc93bbbeafa16c0b12	rewrite/compiler-predicates/stderr/CP47201de5d0af16d0bd4e3a08.txt	e3b0c44298fc1c149afbf4c8996fb92427ae41e4649b934ca495991b7852b855	0	2026-08-05T16:43:48.054Z	2026-08-05T16:43:48.070Z	PROVEN
CP4085abb1c0d8e59ef6b18a91	__has_attribute	__uninitialized__	aarch64	aarch64-linux-gnu	1	vendor/linux/include/linux/compiler_attributes.h:338:5	425f94c2954b1fe80ebdbf9b29854e89750355df	b374fc24835033cb3e317e45c89dd2ba3335ebac7ab81b2ac548fac5bffc1578	cfb4e6fbb9b5281b15f0e09cb6d4f7f1866bf9bc1c69ae72715992b76c9bd670	/usr/lib/llvm-19/bin/clang	/usr/lib/llvm-19/bin/clang	0a3c55936ac43954fbe4914e6e73b577ca9e35e75d89ef13d3e28c187f41ca1a	Debian clang version 19.1.7 (3+b1)	rewrite/kbuild/aarch64/arch/arm/xen/.enlighten.o.cmd	3c173da06bd76381e4788882bbb38508489c50516edb2119a835465c2a7f0635	rewrite/compiler-predicates/probes/CP4085abb1c0d8e59ef6b18a91.c	bf461e9448be2f35230c9c215b375027901ef029eb254502b8adf39a64506f68	rewrite/compiler-predicates/commands/CP4085abb1c0d8e59ef6b18a91.json	9183a7349628c0cf5ddec666d94d0768621cefa0bac5feb87644c0b1bc978d90	rewrite/compiler-predicates/stdout/CP4085abb1c0d8e59ef6b18a91.txt	440a5f99cd03b9a65354e3b07248b7cc9b08f221d3d9ab5d1fc26d2d66ad3996	rewrite/compiler-predicates/stderr/CP4085abb1c0d8e59ef6b18a91.txt	e3b0c44298fc1c149afbf4c8996fb92427ae41e4649b934ca495991b7852b855	0	2026-08-05T16:43:48.079Z	2026-08-05T16:43:48.099Z	PROVEN
CP748ee9e5ee2658558ed7d966	__has_attribute	__uninitialized__	x86_64	x86_64-linux-gnu	1	vendor/linux/include/linux/compiler_attributes.h:338:5	425f94c2954b1fe80ebdbf9b29854e89750355df	a1cdb40573726de54a174da53c2eac8811dd84ab0145532784a47ec1c5efa6b4	cfb4e6fbb9b5281b15f0e09cb6d4f7f1866bf9bc1c69ae72715992b76c9bd670	/usr/lib/llvm-19/bin/clang	/usr/lib/llvm-19/bin/clang	0a3c55936ac43954fbe4914e6e73b577ca9e35e75d89ef13d3e28c187f41ca1a	Debian clang version 19.1.7 (3+b1)	rewrite/kbuild/x86_64/arch/x86/entry/.common.o.cmd	56d5fdff7f5ba563dfe430b948edc510a46b2b7bbb579b297f0058ed3f36f0a0	rewrite/compiler-predicates/probes/CP748ee9e5ee2658558ed7d966.c	31527d4f73b68d3f0c2f9fa0c81dedb80307d77dd5bf0b78486d08eaab28aef8	rewrite/compiler-predicates/commands/CP748ee9e5ee2658558ed7d966.json	c44b22add5183940295ca86d7bc700e139c589ccf152a31cddefae9b86562f2d	rewrite/compiler-predicates/stdout/CP748ee9e5ee2658558ed7d966.txt	5bf3604743c9e6f8d50f89714df2a24553fd0e533849e1087d5f809eccf8a024	rewrite/compiler-predicates/stderr/CP748ee9e5ee2658558ed7d966.txt	e3b0c44298fc1c149afbf4c8996fb92427ae41e4649b934ca495991b7852b855	0	2026-08-05T16:43:48.110Z	2026-08-05T16:43:48.129Z	PROVEN
CP25b6ea69749f06e16e9e6ab0	__has_attribute	__warning__	aarch64	aarch64-linux-gnu	1	vendor/linux/include/linux/compiler_attributes.h:384:5	425f94c2954b1fe80ebdbf9b29854e89750355df	b374fc24835033cb3e317e45c89dd2ba3335ebac7ab81b2ac548fac5bffc1578	cfb4e6fbb9b5281b15f0e09cb6d4f7f1866bf9bc1c69ae72715992b76c9bd670	/usr/lib/llvm-19/bin/clang	/usr/lib/llvm-19/bin/clang	0a3c55936ac43954fbe4914e6e73b577ca9e35e75d89ef13d3e28c187f41ca1a	Debian clang version 19.1.7 (3+b1)	rewrite/kbuild/aarch64/arch/arm/xen/.enlighten.o.cmd	3c173da06bd76381e4788882bbb38508489c50516edb2119a835465c2a7f0635	rewrite/compiler-predicates/probes/CP25b6ea69749f06e16e9e6ab0.c	105e4a48b51cf5f5aaf41e3795d71a5300f0c41653c247d8eea8b05eb0875d77	rewrite/compiler-predicates/commands/CP25b6ea69749f06e16e9e6ab0.json	0f1cec41805aa8ed105fa031ef5e8a7c559eb1096eeb181fea4f0ebaa066f40e	rewrite/compiler-predicates/stdout/CP25b6ea69749f06e16e9e6ab0.txt	929290620ffa4f354b54ae48c52df09e76b2b6c7589c58619f3f89549afc896e	rewrite/compiler-predicates/stderr/CP25b6ea69749f06e16e9e6ab0.txt	e3b0c44298fc1c149afbf4c8996fb92427ae41e4649b934ca495991b7852b855	0	2026-08-05T16:43:48.139Z	2026-08-05T16:43:48.162Z	PROVEN
CP4f4543facc549b98ed7a1b44	__has_attribute	__warning__	x86_64	x86_64-linux-gnu	1	vendor/linux/include/linux/compiler_attributes.h:384:5	425f94c2954b1fe80ebdbf9b29854e89750355df	a1cdb40573726de54a174da53c2eac8811dd84ab0145532784a47ec1c5efa6b4	cfb4e6fbb9b5281b15f0e09cb6d4f7f1866bf9bc1c69ae72715992b76c9bd670	/usr/lib/llvm-19/bin/clang	/usr/lib/llvm-19/bin/clang	0a3c55936ac43954fbe4914e6e73b577ca9e35e75d89ef13d3e28c187f41ca1a	Debian clang version 19.1.7 (3+b1)	rewrite/kbuild/x86_64/arch/x86/entry/.common.o.cmd	56d5fdff7f5ba563dfe430b948edc510a46b2b7bbb579b297f0058ed3f36f0a0	rewrite/compiler-predicates/probes/CP4f4543facc549b98ed7a1b44.c	6c8350ecad2cd13b4dd54edd02f3759f833488559b20d6b5956fa92955b54376	rewrite/compiler-predicates/commands/CP4f4543facc549b98ed7a1b44.json	3f72c4fd59d86251bdeb1a78f8a409df9da67ae253df4336bc21ad75f50e18fc	rewrite/compiler-predicates/stdout/CP4f4543facc549b98ed7a1b44.txt	77594df4804f4b970a1b029c97000b5e4391faf8c1ec6c574d19e99fbdf39c47	rewrite/compiler-predicates/stderr/CP4f4543facc549b98ed7a1b44.txt	e3b0c44298fc1c149afbf4c8996fb92427ae41e4649b934ca495991b7852b855	0	2026-08-05T16:43:48.172Z	2026-08-05T16:43:48.192Z	PROVEN
CPc69946b399cdee399d43279d	__has_attribute	btf_type_tag	aarch64	aarch64-linux-gnu	1	vendor/linux/include/linux/compiler_types.h:38:2	425f94c2954b1fe80ebdbf9b29854e89750355df	b374fc24835033cb3e317e45c89dd2ba3335ebac7ab81b2ac548fac5bffc1578	cfb4e6fbb9b5281b15f0e09cb6d4f7f1866bf9bc1c69ae72715992b76c9bd670	/usr/lib/llvm-19/bin/clang	/usr/lib/llvm-19/bin/clang	0a3c55936ac43954fbe4914e6e73b577ca9e35e75d89ef13d3e28c187f41ca1a	Debian clang version 19.1.7 (3+b1)	rewrite/kbuild/aarch64/arch/arm/xen/.enlighten.o.cmd	3c173da06bd76381e4788882bbb38508489c50516edb2119a835465c2a7f0635	rewrite/compiler-predicates/probes/CPc69946b399cdee399d43279d.c	56178d2064f9e6a2a836e0c027e7c058099c41608875f56fc60f72705b6682e5	rewrite/compiler-predicates/commands/CPc69946b399cdee399d43279d.json	02dae0e41d8a49b65205336add3959d1c4d2810140bff019f76f14a69c14a44f	rewrite/compiler-predicates/stdout/CPc69946b399cdee399d43279d.txt	8328b106d8b492c40240d3a1d3ccaea25b71fe071fecb2166687c35189a4463c	rewrite/compiler-predicates/stderr/CPc69946b399cdee399d43279d.txt	e3b0c44298fc1c149afbf4c8996fb92427ae41e4649b934ca495991b7852b855	0	2026-08-05T16:43:48.202Z	2026-08-05T16:43:48.220Z	PROVEN
CPc724ac27ed83feb28613831c	__has_attribute	btf_type_tag	x86_64	x86_64-linux-gnu	1	vendor/linux/include/linux/compiler_types.h:38:2;vendor/linux/kernel/trace/trace.c:4666:9	425f94c2954b1fe80ebdbf9b29854e89750355df	a1cdb40573726de54a174da53c2eac8811dd84ab0145532784a47ec1c5efa6b4	cfb4e6fbb9b5281b15f0e09cb6d4f7f1866bf9bc1c69ae72715992b76c9bd670	/usr/lib/llvm-19/bin/clang	/usr/lib/llvm-19/bin/clang	0a3c55936ac43954fbe4914e6e73b577ca9e35e75d89ef13d3e28c187f41ca1a	Debian clang version 19.1.7 (3+b1)	rewrite/kbuild/x86_64/kernel/trace/.trace.o.cmd	07e44a95515dab57723ef00f5914d97efe3755e88f32f47a270daf425d711c8f	rewrite/compiler-predicates/probes/CPc724ac27ed83feb28613831c.c	462e5092e389f392aedfdb1b1f81451d3f68f94371223e5e0a89c9faf7fc4383	rewrite/compiler-predicates/commands/CPc724ac27ed83feb28613831c.json	819a9b023121b18953ad7a13a1b928cf7fa3d8117fb4962cf214456b80b63084	rewrite/compiler-predicates/stdout/CPc724ac27ed83feb28613831c.txt	f15c65697647ea99b37a4b215a1f010e00025ad2804893382f8410f9dcdf81c3	rewrite/compiler-predicates/stderr/CPc724ac27ed83feb28613831c.txt	e3b0c44298fc1c149afbf4c8996fb92427ae41e4649b934ca495991b7852b855	0	2026-08-05T16:43:48.230Z	2026-08-05T16:43:48.248Z	PROVEN
CP64134b069cc43fb9214241b6	__has_attribute	disable_sanitizer_instrumentation	aarch64	aarch64-linux-gnu	1	vendor/linux/include/linux/compiler_attributes.h:401:5	425f94c2954b1fe80ebdbf9b29854e89750355df	b374fc24835033cb3e317e45c89dd2ba3335ebac7ab81b2ac548fac5bffc1578	cfb4e6fbb9b5281b15f0e09cb6d4f7f1866bf9bc1c69ae72715992b76c9bd670	/usr/lib/llvm-19/bin/clang	/usr/lib/llvm-19/bin/clang	0a3c55936ac43954fbe4914e6e73b577ca9e35e75d89ef13d3e28c187f41ca1a	Debian clang version 19.1.7 (3+b1)	rewrite/kbuild/aarch64/arch/arm/xen/.enlighten.o.cmd	3c173da06bd76381e4788882bbb38508489c50516edb2119a835465c2a7f0635	rewrite/compiler-predicates/probes/CP64134b069cc43fb9214241b6.c	f0c38d360b5e98151ed4db5af3ac8b609e450bbfa0c23a12dc03363b01d05cb0	rewrite/compiler-predicates/commands/CP64134b069cc43fb9214241b6.json	3230499c2eeebfff0d6fbb44c47470c38d8b85e2fbb4b8b4de9a741c39521389	rewrite/compiler-predicates/stdout/CP64134b069cc43fb9214241b6.txt	737a9b82f6835397ff94a5fad686cbf3a18de2adde652b200587c5f22c5ef8f6	rewrite/compiler-predicates/stderr/CP64134b069cc43fb9214241b6.txt	e3b0c44298fc1c149afbf4c8996fb92427ae41e4649b934ca495991b7852b855	0	2026-08-05T16:43:48.261Z	2026-08-05T16:43:48.284Z	PROVEN
CPb0c4459733835c981d0fd347	__has_attribute	disable_sanitizer_instrumentation	x86_64	x86_64-linux-gnu	1	vendor/linux/include/linux/compiler_attributes.h:401:5	425f94c2954b1fe80ebdbf9b29854e89750355df	a1cdb40573726de54a174da53c2eac8811dd84ab0145532784a47ec1c5efa6b4	cfb4e6fbb9b5281b15f0e09cb6d4f7f1866bf9bc1c69ae72715992b76c9bd670	/usr/lib/llvm-19/bin/clang	/usr/lib/llvm-19/bin/clang	0a3c55936ac43954fbe4914e6e73b577ca9e35e75d89ef13d3e28c187f41ca1a	Debian clang version 19.1.7 (3+b1)	rewrite/kbuild/x86_64/arch/x86/entry/.common.o.cmd	56d5fdff7f5ba563dfe430b948edc510a46b2b7bbb579b297f0058ed3f36f0a0	rewrite/compiler-predicates/probes/CPb0c4459733835c981d0fd347.c	a03050d5737a0efe90f457856824585742a75a9a2f2c88b6b76892780386e917	rewrite/compiler-predicates/commands/CPb0c4459733835c981d0fd347.json	a2f1e9e3a1c68115b006cca88b5b19bd83e8ff95bdda9bc37406a9b015a0d70f	rewrite/compiler-predicates/stdout/CPb0c4459733835c981d0fd347.txt	6e15547dc4c808c87ca74fd146d522482c1dc5bcb47713465c0766144a3fe056	rewrite/compiler-predicates/stderr/CPb0c4459733835c981d0fd347.txt	e3b0c44298fc1c149afbf4c8996fb92427ae41e4649b934ca495991b7852b855	0	2026-08-05T16:43:48.295Z	2026-08-05T16:43:48.317Z	PROVEN
CP857eb3b63af1ce26813330c4	__has_attribute	no_sanitize	aarch64	aarch64-linux-gnu	1	vendor/linux/lib/zstd/common/compiler.h:213:7	425f94c2954b1fe80ebdbf9b29854e89750355df	b374fc24835033cb3e317e45c89dd2ba3335ebac7ab81b2ac548fac5bffc1578	cfb4e6fbb9b5281b15f0e09cb6d4f7f1866bf9bc1c69ae72715992b76c9bd670	/usr/lib/llvm-19/bin/clang	/usr/lib/llvm-19/bin/clang	0a3c55936ac43954fbe4914e6e73b577ca9e35e75d89ef13d3e28c187f41ca1a	Debian clang version 19.1.7 (3+b1)	rewrite/kbuild/aarch64/lib/zstd/common/.entropy_common.o.cmd	d00ea5a9cecaf75b02b59a5a4280ad28c77247bdf2f8bc16fc1d0ac18a7baef8	rewrite/compiler-predicates/probes/CP857eb3b63af1ce26813330c4.c	99491d40faead17400c6ea3a2c6d3d5bdd4a154d745b58c2a360becae2172dc9	rewrite/compiler-predicates/commands/CP857eb3b63af1ce26813330c4.json	8f31f6507708422e91c128067eeae9e441a0fdcd7a531135595972c15d4b9f21	rewrite/compiler-predicates/stdout/CP857eb3b63af1ce26813330c4.txt	a0f3c765963be986efadd10c1e867ae45541bc99b666b069d9aa72d49f79a73c	rewrite/compiler-predicates/stderr/CP857eb3b63af1ce26813330c4.txt	e3b0c44298fc1c149afbf4c8996fb92427ae41e4649b934ca495991b7852b855	0	2026-08-05T16:43:48.327Z	2026-08-05T16:43:48.346Z	PROVEN
CP93492e041f3c55ff585c2b78	__has_attribute	no_sanitize	x86_64	x86_64-linux-gnu	1	vendor/linux/lib/zstd/common/compiler.h:213:7	425f94c2954b1fe80ebdbf9b29854e89750355df	a1cdb40573726de54a174da53c2eac8811dd84ab0145532784a47ec1c5efa6b4	cfb4e6fbb9b5281b15f0e09cb6d4f7f1866bf9bc1c69ae72715992b76c9bd670	/usr/lib/llvm-19/bin/clang	/usr/lib/llvm-19/bin/clang	0a3c55936ac43954fbe4914e6e73b577ca9e35e75d89ef13d3e28c187f41ca1a	Debian clang version 19.1.7 (3+b1)	rewrite/kbuild/x86_64/lib/zstd/common/.entropy_common.o.cmd	081122ec5caf50b070da3bc258099390a5a07b5451030da4c7b8c471b7a7c2ea	rewrite/compiler-predicates/probes/CP93492e041f3c55ff585c2b78.c	eb54a775e12b8e8b1a4d5b5ffa74d82675119e6dfa3776a9d225e96b2b10ad69	rewrite/compiler-predicates/commands/CP93492e041f3c55ff585c2b78.json	e54e00ab5d2cf118a3ad5b360450f4c493425a10b263d935a5168943d24ff220	rewrite/compiler-predicates/stdout/CP93492e041f3c55ff585c2b78.txt	f813eca83f96829dc76edb7f225273b49f274cf6f4d47d1632fc0cf065a5d262	rewrite/compiler-predicates/stderr/CP93492e041f3c55ff585c2b78.txt	e3b0c44298fc1c149afbf4c8996fb92427ae41e4649b934ca495991b7852b855	0	2026-08-05T16:43:48.355Z	2026-08-05T16:43:48.372Z	PROVEN
CP08803b3c358ac7815b4a479b	__has_attribute	noipa	aarch64	aarch64-linux-gnu	0	vendor/linux/include/linux/compiler_attributes.h:413:5	425f94c2954b1fe80ebdbf9b29854e89750355df	b374fc24835033cb3e317e45c89dd2ba3335ebac7ab81b2ac548fac5bffc1578	cfb4e6fbb9b5281b15f0e09cb6d4f7f1866bf9bc1c69ae72715992b76c9bd670	/usr/lib/llvm-19/bin/clang	/usr/lib/llvm-19/bin/clang	0a3c55936ac43954fbe4914e6e73b577ca9e35e75d89ef13d3e28c187f41ca1a	Debian clang version 19.1.7 (3+b1)	rewrite/kbuild/aarch64/arch/arm/xen/.enlighten.o.cmd	3c173da06bd76381e4788882bbb38508489c50516edb2119a835465c2a7f0635	rewrite/compiler-predicates/probes/CP08803b3c358ac7815b4a479b.c	777d54b2d20fdcca9ecb52eda19090011a849feba0a9b0fae26939aa5e8444e2	rewrite/compiler-predicates/commands/CP08803b3c358ac7815b4a479b.json	f037928b888417c1afc75df79969c160a75661078d549dce711442009b912ec6	rewrite/compiler-predicates/stdout/CP08803b3c358ac7815b4a479b.txt	01b1bcc6786e3786f619b9a322cd4b3aac289eebf033d9e4b6d09ed2651fc487	rewrite/compiler-predicates/stderr/CP08803b3c358ac7815b4a479b.txt	e3b0c44298fc1c149afbf4c8996fb92427ae41e4649b934ca495991b7852b855	0	2026-08-05T16:43:48.382Z	2026-08-05T16:43:48.408Z	PROVEN
CP1ac086b33b47f39237e71905	__has_attribute	noipa	x86_64	x86_64-linux-gnu	0	vendor/linux/include/linux/compiler_attributes.h:413:5	425f94c2954b1fe80ebdbf9b29854e89750355df	a1cdb40573726de54a174da53c2eac8811dd84ab0145532784a47ec1c5efa6b4	cfb4e6fbb9b5281b15f0e09cb6d4f7f1866bf9bc1c69ae72715992b76c9bd670	/usr/lib/llvm-19/bin/clang	/usr/lib/llvm-19/bin/clang	0a3c55936ac43954fbe4914e6e73b577ca9e35e75d89ef13d3e28c187f41ca1a	Debian clang version 19.1.7 (3+b1)	rewrite/kbuild/x86_64/arch/x86/entry/.common.o.cmd	56d5fdff7f5ba563dfe430b948edc510a46b2b7bbb579b297f0058ed3f36f0a0	rewrite/compiler-predicates/probes/CP1ac086b33b47f39237e71905.c	0cd896a84a22c682e93528aa4936cd6002944aef1cb5a465c50fd1e250eee767	rewrite/compiler-predicates/commands/CP1ac086b33b47f39237e71905.json	8d66618b76d1d380d3ad00620a551fbe605fef5fc50ae583ef39601df3612fb7	rewrite/compiler-predicates/stdout/CP1ac086b33b47f39237e71905.txt	3a3d58fdf6824c7f4387c84ade1185681f7ed65d50adb3b997771a1b17a0482e	rewrite/compiler-predicates/stderr/CP1ac086b33b47f39237e71905.txt	e3b0c44298fc1c149afbf4c8996fb92427ae41e4649b934ca495991b7852b855	0	2026-08-05T16:43:48.417Z	2026-08-05T16:43:48.435Z	PROVEN
CPac53fb43352f193c2fe5353a	__has_builtin	__builtin_alloca_uninitialized	aarch64	aarch64-linux-gnu	1	vendor/linux/include/linux/randomize_kstack.h:28:5	425f94c2954b1fe80ebdbf9b29854e89750355df	b374fc24835033cb3e317e45c89dd2ba3335ebac7ab81b2ac548fac5bffc1578	cfb4e6fbb9b5281b15f0e09cb6d4f7f1866bf9bc1c69ae72715992b76c9bd670	/usr/lib/llvm-19/bin/clang	/usr/lib/llvm-19/bin/clang	0a3c55936ac43954fbe4914e6e73b577ca9e35e75d89ef13d3e28c187f41ca1a	Debian clang version 19.1.7 (3+b1)	rewrite/kbuild/aarch64/arch/arm64/kernel/.syscall.o.cmd	654be1f9b82f6749e00c651728dd45ae66d9f21ee59100fec14b69750890dfb2	rewrite/compiler-predicates/probes/CPac53fb43352f193c2fe5353a.c	ffa0f4d28d508de9e039137e65ba1dc8a236bd22601603e1a954393578ecc8e7	rewrite/compiler-predicates/commands/CPac53fb43352f193c2fe5353a.json	1bdbd52577c92912455b071d4816be819dd709e74ee3d3ca7ddf6691d8e60f69	rewrite/compiler-predicates/stdout/CPac53fb43352f193c2fe5353a.txt	edb258929b64222b632627776f42a5e650101edb13d24484546676c923a86ad6	rewrite/compiler-predicates/stderr/CPac53fb43352f193c2fe5353a.txt	e3b0c44298fc1c149afbf4c8996fb92427ae41e4649b934ca495991b7852b855	0	2026-08-05T16:43:48.447Z	2026-08-05T16:43:48.468Z	PROVEN
CPce0f9396dbcd6724e338d1d2	__has_builtin	__builtin_alloca_uninitialized	x86_64	x86_64-linux-gnu	1	vendor/linux/include/linux/randomize_kstack.h:28:5	425f94c2954b1fe80ebdbf9b29854e89750355df	a1cdb40573726de54a174da53c2eac8811dd84ab0145532784a47ec1c5efa6b4	cfb4e6fbb9b5281b15f0e09cb6d4f7f1866bf9bc1c69ae72715992b76c9bd670	/usr/lib/llvm-19/bin/clang	/usr/lib/llvm-19/bin/clang	0a3c55936ac43954fbe4914e6e73b577ca9e35e75d89ef13d3e28c187f41ca1a	Debian clang version 19.1.7 (3+b1)	rewrite/kbuild/x86_64/arch/x86/entry/.common.o.cmd	56d5fdff7f5ba563dfe430b948edc510a46b2b7bbb579b297f0058ed3f36f0a0	rewrite/compiler-predicates/probes/CPce0f9396dbcd6724e338d1d2.c	f58fcda0859bec55d9d26e6611fa3b71d5560f9420f9ad0422f4901bcee4df0a	rewrite/compiler-predicates/commands/CPce0f9396dbcd6724e338d1d2.json	98ffd6e74ce537dcfe3aa512adb2d02dbc9400a084729362907750b4a87f246b	rewrite/compiler-predicates/stdout/CPce0f9396dbcd6724e338d1d2.txt	5b8d4c2345db8da8612931b7ef631648d37f75491d7bfe594b61e0e853c5fb9a	rewrite/compiler-predicates/stderr/CPce0f9396dbcd6724e338d1d2.txt	e3b0c44298fc1c149afbf4c8996fb92427ae41e4649b934ca495991b7852b855	0	2026-08-05T16:43:48.478Z	2026-08-05T16:43:48.497Z	PROVEN
CPe0bfabcc5c9ec9452d270f28	__has_builtin	__builtin_counted_by_ref	aarch64	aarch64-linux-gnu	0	vendor/linux/include/linux/compiler_types.h:548:5	425f94c2954b1fe80ebdbf9b29854e89750355df	b374fc24835033cb3e317e45c89dd2ba3335ebac7ab81b2ac548fac5bffc1578	cfb4e6fbb9b5281b15f0e09cb6d4f7f1866bf9bc1c69ae72715992b76c9bd670	/usr/lib/llvm-19/bin/clang	/usr/lib/llvm-19/bin/clang	0a3c55936ac43954fbe4914e6e73b577ca9e35e75d89ef13d3e28c187f41ca1a	Debian clang version 19.1.7 (3+b1)	rewrite/kbuild/aarch64/arch/arm/xen/.enlighten.o.cmd	3c173da06bd76381e4788882bbb38508489c50516edb2119a835465c2a7f0635	rewrite/compiler-predicates/probes/CPe0bfabcc5c9ec9452d270f28.c	65a0caf036380f494da2ed6f5d02cafb111f7779af93ddcf056d7be9103e14ad	rewrite/compiler-predicates/commands/CPe0bfabcc5c9ec9452d270f28.json	580ada282c52f6b3fed882bd8fb98ee97f65e75c381812a6f4ff2c113e07f36e	rewrite/compiler-predicates/stdout/CPe0bfabcc5c9ec9452d270f28.txt	b6fba5d653acf2c45dec2770bceb2590294dcf3511ca92f31c79af3890a4596d	rewrite/compiler-predicates/stderr/CPe0bfabcc5c9ec9452d270f28.txt	e3b0c44298fc1c149afbf4c8996fb92427ae41e4649b934ca495991b7852b855	0	2026-08-05T16:43:48.507Z	2026-08-05T16:43:48.533Z	PROVEN
CP8cfc99b4eaf50f6a41081480	__has_builtin	__builtin_counted_by_ref	x86_64	x86_64-linux-gnu	0	vendor/linux/include/linux/compiler_types.h:548:5	425f94c2954b1fe80ebdbf9b29854e89750355df	a1cdb40573726de54a174da53c2eac8811dd84ab0145532784a47ec1c5efa6b4	cfb4e6fbb9b5281b15f0e09cb6d4f7f1866bf9bc1c69ae72715992b76c9bd670	/usr/lib/llvm-19/bin/clang	/usr/lib/llvm-19/bin/clang	0a3c55936ac43954fbe4914e6e73b577ca9e35e75d89ef13d3e28c187f41ca1a	Debian clang version 19.1.7 (3+b1)	rewrite/kbuild/x86_64/arch/x86/entry/.common.o.cmd	56d5fdff7f5ba563dfe430b948edc510a46b2b7bbb579b297f0058ed3f36f0a0	rewrite/compiler-predicates/probes/CP8cfc99b4eaf50f6a41081480.c	5ad3048127998f6e37ea4cc9a28c3e856b6eb82f04bcbc383608384f0564f163	rewrite/compiler-predicates/commands/CP8cfc99b4eaf50f6a41081480.json	5f1c02351b8eff6bf84cc93575aae74776df32f189da77113d2ad7a686c3003d	rewrite/compiler-predicates/stdout/CP8cfc99b4eaf50f6a41081480.txt	f75d42585b4ac76e51ea68b646e46348ef60f4ab40285b7b76d01ba4f09846b5	rewrite/compiler-predicates/stderr/CP8cfc99b4eaf50f6a41081480.txt	e3b0c44298fc1c149afbf4c8996fb92427ae41e4649b934ca495991b7852b855	0	2026-08-05T16:43:48.542Z	2026-08-05T16:43:48.559Z	PROVEN
CP756db83eed813296f8895df6	__has_builtin	__builtin_dynamic_object_size	aarch64	aarch64-linux-gnu	1	vendor/linux/include/linux/compiler_types.h:524:5	425f94c2954b1fe80ebdbf9b29854e89750355df	b374fc24835033cb3e317e45c89dd2ba3335ebac7ab81b2ac548fac5bffc1578	cfb4e6fbb9b5281b15f0e09cb6d4f7f1866bf9bc1c69ae72715992b76c9bd670	/usr/lib/llvm-19/bin/clang	/usr/lib/llvm-19/bin/clang	0a3c55936ac43954fbe4914e6e73b577ca9e35e75d89ef13d3e28c187f41ca1a	Debian clang version 19.1.7 (3+b1)	rewrite/kbuild/aarch64/arch/arm/xen/.enlighten.o.cmd	3c173da06bd76381e4788882bbb38508489c50516edb2119a835465c2a7f0635	rewrite/compiler-predicates/probes/CP756db83eed813296f8895df6.c	d75edf18fb4969a111814a6b6f3fee4a8bf9a276afd4f633b058ca4b28e839dc	rewrite/compiler-predicates/commands/CP756db83eed813296f8895df6.json	e32570ebef4c9b8bc53eea12f3e1a1bfa5e2e719ca8c7bdc3ebac7508d5dea69	rewrite/compiler-predicates/stdout/CP756db83eed813296f8895df6.txt	c3e6c74977b6707b681df5a368336f7c7237a394b90abf59bf42df295e440cbc	rewrite/compiler-predicates/stderr/CP756db83eed813296f8895df6.txt	e3b0c44298fc1c149afbf4c8996fb92427ae41e4649b934ca495991b7852b855	0	2026-08-05T16:43:48.570Z	2026-08-05T16:43:48.591Z	PROVEN
CP8ba4a5e97cda820f937b9c2b	__has_builtin	__builtin_dynamic_object_size	x86_64	x86_64-linux-gnu	1	vendor/linux/include/linux/compiler_types.h:524:5	425f94c2954b1fe80ebdbf9b29854e89750355df	a1cdb40573726de54a174da53c2eac8811dd84ab0145532784a47ec1c5efa6b4	cfb4e6fbb9b5281b15f0e09cb6d4f7f1866bf9bc1c69ae72715992b76c9bd670	/usr/lib/llvm-19/bin/clang	/usr/lib/llvm-19/bin/clang	0a3c55936ac43954fbe4914e6e73b577ca9e35e75d89ef13d3e28c187f41ca1a	Debian clang version 19.1.7 (3+b1)	rewrite/kbuild/x86_64/arch/x86/entry/.common.o.cmd	56d5fdff7f5ba563dfe430b948edc510a46b2b7bbb579b297f0058ed3f36f0a0	rewrite/compiler-predicates/probes/CP8ba4a5e97cda820f937b9c2b.c	e0c00763e3e1383318234793635be7c60a38c325e86b9a2beedb56e5e8d1c8e2	rewrite/compiler-predicates/commands/CP8ba4a5e97cda820f937b9c2b.json	a57beab7d475c433364c3e71e5961f124754dbfc53463dddfaeb4b5bd7dfaa42	rewrite/compiler-predicates/stdout/CP8ba4a5e97cda820f937b9c2b.txt	86fc2f8b8ca8482b38f817a8639c76136701ed5fc3a9655ad2ea3c8d3317b965	rewrite/compiler-predicates/stderr/CP8ba4a5e97cda820f937b9c2b.txt	e3b0c44298fc1c149afbf4c8996fb92427ae41e4649b934ca495991b7852b855	0	2026-08-05T16:43:48.602Z	2026-08-05T16:43:48.623Z	PROVEN
CP5149ad31e436cf2a15887768	__has_builtin	__builtin_has_attribute	aarch64	aarch64-linux-gnu	0	vendor/linux/include/linux/compiler_types.h:538:5	425f94c2954b1fe80ebdbf9b29854e89750355df	b374fc24835033cb3e317e45c89dd2ba3335ebac7ab81b2ac548fac5bffc1578	cfb4e6fbb9b5281b15f0e09cb6d4f7f1866bf9bc1c69ae72715992b76c9bd670	/usr/lib/llvm-19/bin/clang	/usr/lib/llvm-19/bin/clang	0a3c55936ac43954fbe4914e6e73b577ca9e35e75d89ef13d3e28c187f41ca1a	Debian clang version 19.1.7 (3+b1)	rewrite/kbuild/aarch64/arch/arm/xen/.enlighten.o.cmd	3c173da06bd76381e4788882bbb38508489c50516edb2119a835465c2a7f0635	rewrite/compiler-predicates/probes/CP5149ad31e436cf2a15887768.c	9414a554000349a66e152657e35e2eadb859e0c261c86519a6e6b6a511396dc3	rewrite/compiler-predicates/commands/CP5149ad31e436cf2a15887768.json	3a57b12e465bc3dd21874b376eee683828570fbce16dc3431690e816b20e698d	rewrite/compiler-predicates/stdout/CP5149ad31e436cf2a15887768.txt	c8e28977d61a014c3d8fec60449b8f93c44de8cb9074ce71dd750625f72ea034	rewrite/compiler-predicates/stderr/CP5149ad31e436cf2a15887768.txt	e3b0c44298fc1c149afbf4c8996fb92427ae41e4649b934ca495991b7852b855	0	2026-08-05T16:43:48.631Z	2026-08-05T16:43:48.651Z	PROVEN
CP48d8a1081efc5a19cc03d4a8	__has_builtin	__builtin_has_attribute	x86_64	x86_64-linux-gnu	0	vendor/linux/include/linux/compiler_types.h:538:5	425f94c2954b1fe80ebdbf9b29854e89750355df	a1cdb40573726de54a174da53c2eac8811dd84ab0145532784a47ec1c5efa6b4	cfb4e6fbb9b5281b15f0e09cb6d4f7f1866bf9bc1c69ae72715992b76c9bd670	/usr/lib/llvm-19/bin/clang	/usr/lib/llvm-19/bin/clang	0a3c55936ac43954fbe4914e6e73b577ca9e35e75d89ef13d3e28c187f41ca1a	Debian clang version 19.1.7 (3+b1)	rewrite/kbuild/x86_64/arch/x86/entry/.common.o.cmd	56d5fdff7f5ba563dfe430b948edc510a46b2b7bbb579b297f0058ed3f36f0a0	rewrite/compiler-predicates/probes/CP48d8a1081efc5a19cc03d4a8.c	036040146602cb3c01d409fe9ac2a10b59a0c3f07a4aec323dcf049a227f4780	rewrite/compiler-predicates/commands/CP48d8a1081efc5a19cc03d4a8.json	f6925f33ecb667b380842f3515792f03a12c6d38dcea0340ef5d6da128330051	rewrite/compiler-predicates/stdout/CP48d8a1081efc5a19cc03d4a8.txt	ebb1c05e19534df037bd44334e33ce7b9ee38d8106ed063f032d670114e7733a	rewrite/compiler-predicates/stderr/CP48d8a1081efc5a19cc03d4a8.txt	e3b0c44298fc1c149afbf4c8996fb92427ae41e4649b934ca495991b7852b855	0	2026-08-05T16:43:48.662Z	2026-08-05T16:43:48.681Z	PROVEN
CP347dfa59606588fe33cf64e8	__has_builtin	__builtin_isdigit	aarch64	aarch64-linux-gnu	0	vendor/linux/include/linux/ctype.h:40:5	425f94c2954b1fe80ebdbf9b29854e89750355df	b374fc24835033cb3e317e45c89dd2ba3335ebac7ab81b2ac548fac5bffc1578	cfb4e6fbb9b5281b15f0e09cb6d4f7f1866bf9bc1c69ae72715992b76c9bd670	/usr/lib/llvm-19/bin/clang	/usr/lib/llvm-19/bin/clang	0a3c55936ac43954fbe4914e6e73b577ca9e35e75d89ef13d3e28c187f41ca1a	Debian clang version 19.1.7 (3+b1)	rewrite/kbuild/aarch64/arch/arm/xen/.enlighten.o.cmd	3c173da06bd76381e4788882bbb38508489c50516edb2119a835465c2a7f0635	rewrite/compiler-predicates/probes/CP347dfa59606588fe33cf64e8.c	27d8c8bd84636def7ec08d792aeb077e4bfde7af208a0295b5f38ec505f655e5	rewrite/compiler-predicates/commands/CP347dfa59606588fe33cf64e8.json	dde805f315273b00406ef9a5b751e4b8a2703d80a1942669507e5fd0ed9888c8	rewrite/compiler-predicates/stdout/CP347dfa59606588fe33cf64e8.txt	e32c3d4add1bbe85fa13158e46935c10b6468380fb66e88bb8067c75286e088e	rewrite/compiler-predicates/stderr/CP347dfa59606588fe33cf64e8.txt	e3b0c44298fc1c149afbf4c8996fb92427ae41e4649b934ca495991b7852b855	0	2026-08-05T16:43:48.696Z	2026-08-05T16:43:48.717Z	PROVEN
CP6efce7d6d706e70300c1196a	__has_builtin	__builtin_isdigit	x86_64	x86_64-linux-gnu	0	vendor/linux/include/linux/ctype.h:40:5	425f94c2954b1fe80ebdbf9b29854e89750355df	a1cdb40573726de54a174da53c2eac8811dd84ab0145532784a47ec1c5efa6b4	cfb4e6fbb9b5281b15f0e09cb6d4f7f1866bf9bc1c69ae72715992b76c9bd670	/usr/lib/llvm-19/bin/clang	/usr/lib/llvm-19/bin/clang	0a3c55936ac43954fbe4914e6e73b577ca9e35e75d89ef13d3e28c187f41ca1a	Debian clang version 19.1.7 (3+b1)	rewrite/kbuild/x86_64/arch/x86/entry/.common.o.cmd	56d5fdff7f5ba563dfe430b948edc510a46b2b7bbb579b297f0058ed3f36f0a0	rewrite/compiler-predicates/probes/CP6efce7d6d706e70300c1196a.c	fbddc10d1a3acb98c0fd8ed71475cb6eaf267eeef0d490233d2c1ebaf4e65588	rewrite/compiler-predicates/commands/CP6efce7d6d706e70300c1196a.json	2ecc057448e1851f85eb246a62e63c7ce8c204c8a6bd16d1005120d47b1d73ef	rewrite/compiler-predicates/stdout/CP6efce7d6d706e70300c1196a.txt	b3a834ac147d1968d5d3f53917790bd7a898befeabd4a62db5ceccf879a51ccc	rewrite/compiler-predicates/stderr/CP6efce7d6d706e70300c1196a.txt	e3b0c44298fc1c149afbf4c8996fb92427ae41e4649b934ca495991b7852b855	0	2026-08-05T16:43:48.728Z	2026-08-05T16:43:48.746Z	PROVEN
CPb7ca462e63c1290abceb03c4	__has_builtin	__builtin_unreachable	aarch64	aarch64-linux-gnu	1	vendor/linux/lib/zstd/common/compiler.h:145:5	425f94c2954b1fe80ebdbf9b29854e89750355df	b374fc24835033cb3e317e45c89dd2ba3335ebac7ab81b2ac548fac5bffc1578	cfb4e6fbb9b5281b15f0e09cb6d4f7f1866bf9bc1c69ae72715992b76c9bd670	/usr/lib/llvm-19/bin/clang	/usr/lib/llvm-19/bin/clang	0a3c55936ac43954fbe4914e6e73b577ca9e35e75d89ef13d3e28c187f41ca1a	Debian clang version 19.1.7 (3+b1)	rewrite/kbuild/aarch64/lib/zstd/common/.entropy_common.o.cmd	d00ea5a9cecaf75b02b59a5a4280ad28c77247bdf2f8bc16fc1d0ac18a7baef8	rewrite/compiler-predicates/probes/CPb7ca462e63c1290abceb03c4.c	82892867131675cd390b9940855d31a3d75aa27c9b0c87f51335841870460bb1	rewrite/compiler-predicates/commands/CPb7ca462e63c1290abceb03c4.json	fb18bf3c99b23c3792e0383d586a1bcf782ecfce7e7911df34088ffdb7b30bd4	rewrite/compiler-predicates/stdout/CPb7ca462e63c1290abceb03c4.txt	c61d93783f781d8f12aa8f14ef4dfc9db2c484ab9acb7533875d235d758095bf	rewrite/compiler-predicates/stderr/CPb7ca462e63c1290abceb03c4.txt	e3b0c44298fc1c149afbf4c8996fb92427ae41e4649b934ca495991b7852b855	0	2026-08-05T16:43:48.755Z	2026-08-05T16:43:48.777Z	PROVEN
CPbc207b788d1bec8e0c915a61	__has_builtin	__builtin_unreachable	x86_64	x86_64-linux-gnu	1	vendor/linux/lib/zstd/common/compiler.h:145:5	425f94c2954b1fe80ebdbf9b29854e89750355df	a1cdb40573726de54a174da53c2eac8811dd84ab0145532784a47ec1c5efa6b4	cfb4e6fbb9b5281b15f0e09cb6d4f7f1866bf9bc1c69ae72715992b76c9bd670	/usr/lib/llvm-19/bin/clang	/usr/lib/llvm-19/bin/clang	0a3c55936ac43954fbe4914e6e73b577ca9e35e75d89ef13d3e28c187f41ca1a	Debian clang version 19.1.7 (3+b1)	rewrite/kbuild/x86_64/lib/zstd/common/.entropy_common.o.cmd	081122ec5caf50b070da3bc258099390a5a07b5451030da4c7b8c471b7a7c2ea	rewrite/compiler-predicates/probes/CPbc207b788d1bec8e0c915a61.c	270c3cbfc3e3fce91d1be7f64c5f63847ff1aa862814b2398106f20db675f2af	rewrite/compiler-predicates/commands/CPbc207b788d1bec8e0c915a61.json	422424c6ebca4e066b84920d8df9d32c010f5f528aa4816a09cf12eb05335a15	rewrite/compiler-predicates/stdout/CPbc207b788d1bec8e0c915a61.txt	0ed1f845db6122e02d7b0c95e8a3536a96e8f9774311266cdab2c2062409069b	rewrite/compiler-predicates/stderr/CPbc207b788d1bec8e0c915a61.txt	e3b0c44298fc1c149afbf4c8996fb92427ae41e4649b934ca495991b7852b855	0	2026-08-05T16:43:48.786Z	2026-08-05T16:43:48.803Z	PROVEN
CP13e5f45fd091a33ef29c1ca0	__has_feature	address_sanitizer	aarch64	aarch64-linux-gnu	0	vendor/linux/include/linux/compiler-clang.h:23:5	425f94c2954b1fe80ebdbf9b29854e89750355df	b374fc24835033cb3e317e45c89dd2ba3335ebac7ab81b2ac548fac5bffc1578	cfb4e6fbb9b5281b15f0e09cb6d4f7f1866bf9bc1c69ae72715992b76c9bd670	/usr/lib/llvm-19/bin/clang	/usr/lib/llvm-19/bin/clang	0a3c55936ac43954fbe4914e6e73b577ca9e35e75d89ef13d3e28c187f41ca1a	Debian clang version 19.1.7 (3+b1)	rewrite/kbuild/aarch64/arch/arm/xen/.enlighten.o.cmd	3c173da06bd76381e4788882bbb38508489c50516edb2119a835465c2a7f0635	rewrite/compiler-predicates/probes/CP13e5f45fd091a33ef29c1ca0.c	31cc75b5c0bfb4a30561966a2f25b2c8fbdfdd1edc8caa581ba1166477457bf1	rewrite/compiler-predicates/commands/CP13e5f45fd091a33ef29c1ca0.json	1e30e5c19684d94812e9a0bd7cf9b2c1c7b4a7712cbbc3dc29246490e9ba7c3e	rewrite/compiler-predicates/stdout/CP13e5f45fd091a33ef29c1ca0.txt	340dc2255281436f817b510b0ae3c7c0ae7dbb624a7ddd8bb20709cf455b005e	rewrite/compiler-predicates/stderr/CP13e5f45fd091a33ef29c1ca0.txt	e3b0c44298fc1c149afbf4c8996fb92427ae41e4649b934ca495991b7852b855	0	2026-08-05T16:43:48.813Z	2026-08-05T16:43:48.832Z	PROVEN
CPde550eecd9cf23c699e6791d	__has_feature	address_sanitizer	x86_64	x86_64-linux-gnu	0	vendor/linux/include/linux/compiler-clang.h:23:5	425f94c2954b1fe80ebdbf9b29854e89750355df	a1cdb40573726de54a174da53c2eac8811dd84ab0145532784a47ec1c5efa6b4	cfb4e6fbb9b5281b15f0e09cb6d4f7f1866bf9bc1c69ae72715992b76c9bd670	/usr/lib/llvm-19/bin/clang	/usr/lib/llvm-19/bin/clang	0a3c55936ac43954fbe4914e6e73b577ca9e35e75d89ef13d3e28c187f41ca1a	Debian clang version 19.1.7 (3+b1)	rewrite/kbuild/x86_64/arch/x86/entry/.common.o.cmd	56d5fdff7f5ba563dfe430b948edc510a46b2b7bbb579b297f0058ed3f36f0a0	rewrite/compiler-predicates/probes/CPde550eecd9cf23c699e6791d.c	81c729ccc5204f9f5cfb3c24c46b1bb9d475beaba438e1ac24152bce816d0130	rewrite/compiler-predicates/commands/CPde550eecd9cf23c699e6791d.json	640326e8a8538799ab28f575ee8faff22379425a86069ec7097387097a27937e	rewrite/compiler-predicates/stdout/CPde550eecd9cf23c699e6791d.txt	202a63c1cba95ecb229f64f5502abbb7dfc755add9b79570320b88d0f867b000	rewrite/compiler-predicates/stderr/CPde550eecd9cf23c699e6791d.txt	e3b0c44298fc1c149afbf4c8996fb92427ae41e4649b934ca495991b7852b855	0	2026-08-05T16:43:48.842Z	2026-08-05T16:43:48.864Z	PROVEN
CP10517b3246b92709dec67a05	__has_feature	coverage_sanitizer	aarch64	aarch64-linux-gnu	0	vendor/linux/include/linux/compiler-clang.h:96:5	425f94c2954b1fe80ebdbf9b29854e89750355df	b374fc24835033cb3e317e45c89dd2ba3335ebac7ab81b2ac548fac5bffc1578	cfb4e6fbb9b5281b15f0e09cb6d4f7f1866bf9bc1c69ae72715992b76c9bd670	/usr/lib/llvm-19/bin/clang	/usr/lib/llvm-19/bin/clang	0a3c55936ac43954fbe4914e6e73b577ca9e35e75d89ef13d3e28c187f41ca1a	Debian clang version 19.1.7 (3+b1)	rewrite/kbuild/aarch64/arch/arm/xen/.enlighten.o.cmd	3c173da06bd76381e4788882bbb38508489c50516edb2119a835465c2a7f0635	rewrite/compiler-predicates/probes/CP10517b3246b92709dec67a05.c	e7fd5306c8ae521179599ebaa4bd4e28c6a76717a5f688e75301dc9a411f5936	rewrite/compiler-predicates/commands/CP10517b3246b92709dec67a05.json	6d423a0c01575241e929fb8f2652931444d59a1bd6533303fe7ee778e8136904	rewrite/compiler-predicates/stdout/CP10517b3246b92709dec67a05.txt	a4bbef07c267c2e3337c2f4bbf983e4b876c1b6a54116dfb7dab9157f8e522cc	rewrite/compiler-predicates/stderr/CP10517b3246b92709dec67a05.txt	e3b0c44298fc1c149afbf4c8996fb92427ae41e4649b934ca495991b7852b855	0	2026-08-05T16:43:48.871Z	2026-08-05T16:43:48.891Z	PROVEN
CPd94435cd26d5aa284798ac34	__has_feature	coverage_sanitizer	x86_64	x86_64-linux-gnu	0	vendor/linux/include/linux/compiler-clang.h:96:5	425f94c2954b1fe80ebdbf9b29854e89750355df	a1cdb40573726de54a174da53c2eac8811dd84ab0145532784a47ec1c5efa6b4	cfb4e6fbb9b5281b15f0e09cb6d4f7f1866bf9bc1c69ae72715992b76c9bd670	/usr/lib/llvm-19/bin/clang	/usr/lib/llvm-19/bin/clang	0a3c55936ac43954fbe4914e6e73b577ca9e35e75d89ef13d3e28c187f41ca1a	Debian clang version 19.1.7 (3+b1)	rewrite/kbuild/x86_64/arch/x86/entry/.common.o.cmd	56d5fdff7f5ba563dfe430b948edc510a46b2b7bbb579b297f0058ed3f36f0a0	rewrite/compiler-predicates/probes/CPd94435cd26d5aa284798ac34.c	d80390c957b84e051194b888b647f985590d110198b6676a3474fae2fce913cf	rewrite/compiler-predicates/commands/CPd94435cd26d5aa284798ac34.json	2c6052ab0ca0b8c9276dc93aba80b44f9923ede418ec4e86f6923a7843593727	rewrite/compiler-predicates/stdout/CPd94435cd26d5aa284798ac34.txt	caa14bcbf4a803d9124b6e9182d000287f84219a3b0fb07167b92a4bdf7c780a	rewrite/compiler-predicates/stderr/CPd94435cd26d5aa284798ac34.txt	e3b0c44298fc1c149afbf4c8996fb92427ae41e4649b934ca495991b7852b855	0	2026-08-05T16:43:48.901Z	2026-08-05T16:43:48.917Z	PROVEN
CPa06189e0aea0dea8676e913a	__has_feature	hwaddress_sanitizer	aarch64	aarch64-linux-gnu	0	vendor/linux/include/linux/compiler-clang.h:26:5	425f94c2954b1fe80ebdbf9b29854e89750355df	b374fc24835033cb3e317e45c89dd2ba3335ebac7ab81b2ac548fac5bffc1578	cfb4e6fbb9b5281b15f0e09cb6d4f7f1866bf9bc1c69ae72715992b76c9bd670	/usr/lib/llvm-19/bin/clang	/usr/lib/llvm-19/bin/clang	0a3c55936ac43954fbe4914e6e73b577ca9e35e75d89ef13d3e28c187f41ca1a	Debian clang version 19.1.7 (3+b1)	rewrite/kbuild/aarch64/arch/arm/xen/.enlighten.o.cmd	3c173da06bd76381e4788882bbb38508489c50516edb2119a835465c2a7f0635	rewrite/compiler-predicates/probes/CPa06189e0aea0dea8676e913a.c	fcf1c05dcd143cdc81e3203962077099075da88abeb716379ea6d63e130b0bfb	rewrite/compiler-predicates/commands/CPa06189e0aea0dea8676e913a.json	4afc01fcfb1f3043a213c2dba00c24ba274f953fde50ae78dba59f782b41b58f	rewrite/compiler-predicates/stdout/CPa06189e0aea0dea8676e913a.txt	708091fa9d6ae50c1a1a7a5f9eacf5ef60a9b84a14376790437ae19f244345da	rewrite/compiler-predicates/stderr/CPa06189e0aea0dea8676e913a.txt	e3b0c44298fc1c149afbf4c8996fb92427ae41e4649b934ca495991b7852b855	0	2026-08-05T16:43:48.927Z	2026-08-05T16:43:48.944Z	PROVEN
CP3046dba367b6a6afa43c1749	__has_feature	hwaddress_sanitizer	x86_64	x86_64-linux-gnu	0	vendor/linux/include/linux/compiler-clang.h:26:5	425f94c2954b1fe80ebdbf9b29854e89750355df	a1cdb40573726de54a174da53c2eac8811dd84ab0145532784a47ec1c5efa6b4	cfb4e6fbb9b5281b15f0e09cb6d4f7f1866bf9bc1c69ae72715992b76c9bd670	/usr/lib/llvm-19/bin/clang	/usr/lib/llvm-19/bin/clang	0a3c55936ac43954fbe4914e6e73b577ca9e35e75d89ef13d3e28c187f41ca1a	Debian clang version 19.1.7 (3+b1)	rewrite/kbuild/x86_64/arch/x86/entry/.common.o.cmd	56d5fdff7f5ba563dfe430b948edc510a46b2b7bbb579b297f0058ed3f36f0a0	rewrite/compiler-predicates/probes/CP3046dba367b6a6afa43c1749.c	82cfec9a63573b294138b60c49ae83f8a38e7877446804fa6874af441ac387fc	rewrite/compiler-predicates/commands/CP3046dba367b6a6afa43c1749.json	328e8f0109ddfb4f44300262b18b87184d1059977104d52783a9129f3674aec8	rewrite/compiler-predicates/stdout/CP3046dba367b6a6afa43c1749.txt	0defe3f9583ef343b7600d6fb0982eaae858b6c5a2a694539a31f21534724d79	rewrite/compiler-predicates/stderr/CP3046dba367b6a6afa43c1749.txt	e3b0c44298fc1c149afbf4c8996fb92427ae41e4649b934ca495991b7852b855	0	2026-08-05T16:43:48.954Z	2026-08-05T16:43:48.973Z	PROVEN
CP197fe37cae3c6d05ab498cde	__has_feature	memory_sanitizer	aarch64	aarch64-linux-gnu	0	vendor/linux/include/linux/compiler-clang.h:68:5	425f94c2954b1fe80ebdbf9b29854e89750355df	b374fc24835033cb3e317e45c89dd2ba3335ebac7ab81b2ac548fac5bffc1578	cfb4e6fbb9b5281b15f0e09cb6d4f7f1866bf9bc1c69ae72715992b76c9bd670	/usr/lib/llvm-19/bin/clang	/usr/lib/llvm-19/bin/clang	0a3c55936ac43954fbe4914e6e73b577ca9e35e75d89ef13d3e28c187f41ca1a	Debian clang version 19.1.7 (3+b1)	rewrite/kbuild/aarch64/arch/arm/xen/.enlighten.o.cmd	3c173da06bd76381e4788882bbb38508489c50516edb2119a835465c2a7f0635	rewrite/compiler-predicates/probes/CP197fe37cae3c6d05ab498cde.c	5eb76be26797f1f1fb6da3e8820e338c71bf607ad5d4a85aec2d37295811f2f8	rewrite/compiler-predicates/commands/CP197fe37cae3c6d05ab498cde.json	f104bf24d0a625a17db3198fb236e650f8d83a7a818cfba31b59080e7612b37d	rewrite/compiler-predicates/stdout/CP197fe37cae3c6d05ab498cde.txt	112f316042c688ad0b54bc1ee473b387eb0df2f37122923ab96aafa1f4b8d910	rewrite/compiler-predicates/stderr/CP197fe37cae3c6d05ab498cde.txt	e3b0c44298fc1c149afbf4c8996fb92427ae41e4649b934ca495991b7852b855	0	2026-08-05T16:43:48.980Z	2026-08-05T16:43:48.997Z	PROVEN
CP338acffc5d4256bb6a99c91b	__has_feature	memory_sanitizer	x86_64	x86_64-linux-gnu	0	vendor/linux/include/linux/compiler-clang.h:68:5	425f94c2954b1fe80ebdbf9b29854e89750355df	a1cdb40573726de54a174da53c2eac8811dd84ab0145532784a47ec1c5efa6b4	cfb4e6fbb9b5281b15f0e09cb6d4f7f1866bf9bc1c69ae72715992b76c9bd670	/usr/lib/llvm-19/bin/clang	/usr/lib/llvm-19/bin/clang	0a3c55936ac43954fbe4914e6e73b577ca9e35e75d89ef13d3e28c187f41ca1a	Debian clang version 19.1.7 (3+b1)	rewrite/kbuild/x86_64/arch/x86/entry/.common.o.cmd	56d5fdff7f5ba563dfe430b948edc510a46b2b7bbb579b297f0058ed3f36f0a0	rewrite/compiler-predicates/probes/CP338acffc5d4256bb6a99c91b.c	452a55a00b689f0356775ff6711bf46b55a1d9dc8e34ccbd065278ff491a7518	rewrite/compiler-predicates/commands/CP338acffc5d4256bb6a99c91b.json	af6f303370ccc9f51a613b9cd6f55692153f97c7607ce094b077e49ab8100edc	rewrite/compiler-predicates/stdout/CP338acffc5d4256bb6a99c91b.txt	2140b85b487a5e112f4f04b026fdee06e1bf5f8d33702ec85d1c67ed0b05cac3	rewrite/compiler-predicates/stderr/CP338acffc5d4256bb6a99c91b.txt	e3b0c44298fc1c149afbf4c8996fb92427ae41e4649b934ca495991b7852b855	0	2026-08-05T16:43:49.007Z	2026-08-05T16:43:49.026Z	PROVEN
CPbca57447a289a01dfe6f991b	__has_feature	shadow_call_stack	aarch64	aarch64-linux-gnu	0	vendor/linux/include/linux/compiler-clang.h:105:5	425f94c2954b1fe80ebdbf9b29854e89750355df	b374fc24835033cb3e317e45c89dd2ba3335ebac7ab81b2ac548fac5bffc1578	cfb4e6fbb9b5281b15f0e09cb6d4f7f1866bf9bc1c69ae72715992b76c9bd670	/usr/lib/llvm-19/bin/clang	/usr/lib/llvm-19/bin/clang	0a3c55936ac43954fbe4914e6e73b577ca9e35e75d89ef13d3e28c187f41ca1a	Debian clang version 19.1.7 (3+b1)	rewrite/kbuild/aarch64/arch/arm/xen/.enlighten.o.cmd	3c173da06bd76381e4788882bbb38508489c50516edb2119a835465c2a7f0635	rewrite/compiler-predicates/probes/CPbca57447a289a01dfe6f991b.c	a1c4a69b358c5c082d4945a92683493b2bd273446d7fb26d8511623f987abb9a	rewrite/compiler-predicates/commands/CPbca57447a289a01dfe6f991b.json	0de2c442c1b49972bd1198209dc01abe0dfa52aa09229dfe1b10761cbb8a1d42	rewrite/compiler-predicates/stdout/CPbca57447a289a01dfe6f991b.txt	4ffe8c3cd6eab98ba0dba0116b3d9ba790900fd54c53b4ad35927fd9d72da821	rewrite/compiler-predicates/stderr/CPbca57447a289a01dfe6f991b.txt	e3b0c44298fc1c149afbf4c8996fb92427ae41e4649b934ca495991b7852b855	0	2026-08-05T16:43:49.036Z	2026-08-05T16:43:49.055Z	PROVEN
CPeddeb479c581d036a758816d	__has_feature	shadow_call_stack	x86_64	x86_64-linux-gnu	0	vendor/linux/include/linux/compiler-clang.h:105:5	425f94c2954b1fe80ebdbf9b29854e89750355df	a1cdb40573726de54a174da53c2eac8811dd84ab0145532784a47ec1c5efa6b4	cfb4e6fbb9b5281b15f0e09cb6d4f7f1866bf9bc1c69ae72715992b76c9bd670	/usr/lib/llvm-19/bin/clang	/usr/lib/llvm-19/bin/clang	0a3c55936ac43954fbe4914e6e73b577ca9e35e75d89ef13d3e28c187f41ca1a	Debian clang version 19.1.7 (3+b1)	rewrite/kbuild/x86_64/arch/x86/entry/.common.o.cmd	56d5fdff7f5ba563dfe430b948edc510a46b2b7bbb579b297f0058ed3f36f0a0	rewrite/compiler-predicates/probes/CPeddeb479c581d036a758816d.c	25f40335e36f660ac052f20e1c53e22a1a46058df0ffedbd33a88afba34ae838	rewrite/compiler-predicates/commands/CPeddeb479c581d036a758816d.json	084e3a1d45beaed1f7b5fdffe929c9bdc61a9046d5250d2334959990159fd63e	rewrite/compiler-predicates/stdout/CPeddeb479c581d036a758816d.txt	5adc1c806253c976873e7c23e9d5c4a1d4d4ffd962bd20166205e273509f5fc4	rewrite/compiler-predicates/stderr/CPeddeb479c581d036a758816d.txt	e3b0c44298fc1c149afbf4c8996fb92427ae41e4649b934ca495991b7852b855	0	2026-08-05T16:43:49.066Z	2026-08-05T16:43:49.084Z	PROVEN
CP78ca7d2b347878ed55c1b23c	__has_feature	thread_sanitizer	aarch64	aarch64-linux-gnu	0	vendor/linux/include/linux/compiler-clang.h:29:5	425f94c2954b1fe80ebdbf9b29854e89750355df	b374fc24835033cb3e317e45c89dd2ba3335ebac7ab81b2ac548fac5bffc1578	cfb4e6fbb9b5281b15f0e09cb6d4f7f1866bf9bc1c69ae72715992b76c9bd670	/usr/lib/llvm-19/bin/clang	/usr/lib/llvm-19/bin/clang	0a3c55936ac43954fbe4914e6e73b577ca9e35e75d89ef13d3e28c187f41ca1a	Debian clang version 19.1.7 (3+b1)	rewrite/kbuild/aarch64/arch/arm/xen/.enlighten.o.cmd	3c173da06bd76381e4788882bbb38508489c50516edb2119a835465c2a7f0635	rewrite/compiler-predicates/probes/CP78ca7d2b347878ed55c1b23c.c	dfa3408dbb20f6ac3b9908740910d693941bae3bf5cac9d55d846c76e578101c	rewrite/compiler-predicates/commands/CP78ca7d2b347878ed55c1b23c.json	6e54c8379840fda17a4d67d4e5323337c40501332e0c59f829f444507eed1264	rewrite/compiler-predicates/stdout/CP78ca7d2b347878ed55c1b23c.txt	b9fdd4529fa8912a019859e3e550f09c6e6c7a7fbaa736608de42cf4879b589d	rewrite/compiler-predicates/stderr/CP78ca7d2b347878ed55c1b23c.txt	e3b0c44298fc1c149afbf4c8996fb92427ae41e4649b934ca495991b7852b855	0	2026-08-05T16:43:49.093Z	2026-08-05T16:43:49.111Z	PROVEN
CPe843aca98b1c6565f88ef58c	__has_feature	thread_sanitizer	x86_64	x86_64-linux-gnu	0	vendor/linux/include/linux/compiler-clang.h:29:5	425f94c2954b1fe80ebdbf9b29854e89750355df	a1cdb40573726de54a174da53c2eac8811dd84ab0145532784a47ec1c5efa6b4	cfb4e6fbb9b5281b15f0e09cb6d4f7f1866bf9bc1c69ae72715992b76c9bd670	/usr/lib/llvm-19/bin/clang	/usr/lib/llvm-19/bin/clang	0a3c55936ac43954fbe4914e6e73b577ca9e35e75d89ef13d3e28c187f41ca1a	Debian clang version 19.1.7 (3+b1)	rewrite/kbuild/x86_64/arch/x86/entry/.common.o.cmd	56d5fdff7f5ba563dfe430b948edc510a46b2b7bbb579b297f0058ed3f36f0a0	rewrite/compiler-predicates/probes/CPe843aca98b1c6565f88ef58c.c	f81927c52e21819d3f592f7df56b97edb68a9c720932c08f6b901c8c5df65f27	rewrite/compiler-predicates/commands/CPe843aca98b1c6565f88ef58c.json	af4f1db580a3832ff5a9d9995a198da9d284361f19b96b8ab7244f721f903f11	rewrite/compiler-predicates/stdout/CPe843aca98b1c6565f88ef58c.txt	fe27d3056ead845ac47e82f612d3b1a68d1e22e201cbabc52b62ba13234c8869	rewrite/compiler-predicates/stderr/CPe843aca98b1c6565f88ef58c.txt	e3b0c44298fc1c149afbf4c8996fb92427ae41e4649b934ca495991b7852b855	0	2026-08-05T16:43:49.121Z	2026-08-05T16:43:49.136Z	PROVEN
CP8b7d23dab2c22febfa161091	__has_feature	undefined_behavior_sanitizer	aarch64	aarch64-linux-gnu	0	vendor/linux/include/linux/compiler-clang.h:60:5	425f94c2954b1fe80ebdbf9b29854e89750355df	b374fc24835033cb3e317e45c89dd2ba3335ebac7ab81b2ac548fac5bffc1578	cfb4e6fbb9b5281b15f0e09cb6d4f7f1866bf9bc1c69ae72715992b76c9bd670	/usr/lib/llvm-19/bin/clang	/usr/lib/llvm-19/bin/clang	0a3c55936ac43954fbe4914e6e73b577ca9e35e75d89ef13d3e28c187f41ca1a	Debian clang version 19.1.7 (3+b1)	rewrite/kbuild/aarch64/arch/arm/xen/.enlighten.o.cmd	3c173da06bd76381e4788882bbb38508489c50516edb2119a835465c2a7f0635	rewrite/compiler-predicates/probes/CP8b7d23dab2c22febfa161091.c	7bf396b8ec21108b037c3e286baafd4f5b95f267b2d5ee1d1094e93419de2792	rewrite/compiler-predicates/commands/CP8b7d23dab2c22febfa161091.json	f418670806302e0375406df13f8283f541a069bf329cd62c1eebf717ae9a4183	rewrite/compiler-predicates/stdout/CP8b7d23dab2c22febfa161091.txt	624297cdf76644d4776e95b49d93be800699a9d67d3ad817e34605d5bf5db442	rewrite/compiler-predicates/stderr/CP8b7d23dab2c22febfa161091.txt	e3b0c44298fc1c149afbf4c8996fb92427ae41e4649b934ca495991b7852b855	0	2026-08-05T16:43:49.146Z	2026-08-05T16:43:49.162Z	PROVEN
CPb5f63d8fae2f9f53e84c449e	__has_feature	undefined_behavior_sanitizer	x86_64	x86_64-linux-gnu	0	vendor/linux/include/linux/compiler-clang.h:60:5	425f94c2954b1fe80ebdbf9b29854e89750355df	a1cdb40573726de54a174da53c2eac8811dd84ab0145532784a47ec1c5efa6b4	cfb4e6fbb9b5281b15f0e09cb6d4f7f1866bf9bc1c69ae72715992b76c9bd670	/usr/lib/llvm-19/bin/clang	/usr/lib/llvm-19/bin/clang	0a3c55936ac43954fbe4914e6e73b577ca9e35e75d89ef13d3e28c187f41ca1a	Debian clang version 19.1.7 (3+b1)	rewrite/kbuild/x86_64/arch/x86/entry/.common.o.cmd	56d5fdff7f5ba563dfe430b948edc510a46b2b7bbb579b297f0058ed3f36f0a0	rewrite/compiler-predicates/probes/CPb5f63d8fae2f9f53e84c449e.c	fbc5c11147d78ff0bef075e1d1de500e1a537d13ac77e1b13d25eb9fba8addc9	rewrite/compiler-predicates/commands/CPb5f63d8fae2f9f53e84c449e.json	da4669f3bce32eb08e252be42c80f75a56d059e9aeb4f7613071be40b072358b	rewrite/compiler-predicates/stdout/CPb5f63d8fae2f9f53e84c449e.txt	5ecc4f54e9ba12a3f9609efad73827d765e663407398c0faf116f89a227fd9ce	rewrite/compiler-predicates/stderr/CPb5f63d8fae2f9f53e84c449e.txt	e3b0c44298fc1c149afbf4c8996fb92427ae41e4649b934ca495991b7852b855	0	2026-08-05T16:43:49.172Z	2026-08-05T16:43:49.190Z	PROVEN
