schema_version	record_key	task_id	attempt	pipeline_id	manifest	base_row	field	architecture	linux_path	record_kind	symbol_name	source_line	old_value	final_value	decision_status	source_citations	linux_sha	candidate_sha256	implementation_sha256	phase0_identity_sha256	queue_fingerprint	base_manifest_sha256
semantic-proposal-v1	SC1-5d95b61a6e548469391ea25cfd95052b6d4e12b4373598ade0ad240512f8b0ae	S016150	1	P02	SCOPE.tsv	16151	semantic_status	aarch64	include/uapi/linux/hsr_netlink.h	scope	S016150	0	PENDING_REVIEW	COMPLETE	COMPLETE	vendor/linux/include/uapi/linux/hsr_netlink.h;rewrite/metadata/header_closure.tsv	425f94c2954b1fe80ebdbf9b29854e89750355df	1cb71840644ae5500e2ea9a9dd98edeb56bc8dc377a1714fdf3829fce852e0b4	82bc16d30b5f19127e1fa080dab4a542e770e0629919f1fc0669ac9b57d3f8bc	0123af9e96b58af4e98b91a2de5608d36b63c67864b9041d3340587f3dbe40d2	cfa8dcf0d81c408de38d4202fe1ce9d9e5e301d1e67439c9530da94b1e64ee3f	b83349e6731e17e5da5e04a0ea053487e8ac8d9269538dbdb367d83f77b17e0a
semantic-proposal-v1	SC1-0c4b20a8025addc5dac2efe8154c59fa302802934c5d1ee1a57294600b4dc186	S016150	1	P02	SYMBOLS.tsv	366856	status	aarch64	include/uapi/linux/hsr_netlink.h	conditional	ifndef@14	14	PENDING_REVIEW	COMPLETE	COMPLETE	vendor/linux/include/uapi/linux/hsr_netlink.h;vendor/linux/include/uapi/linux/hsr_netlink.h:14;rewrite/configs/aarch64/frozen.config;header_closure=rewrite/metadata/header_closure.tsv;selected=PENDING_REVIEW	425f94c2954b1fe80ebdbf9b29854e89750355df	1cb71840644ae5500e2ea9a9dd98edeb56bc8dc377a1714fdf3829fce852e0b4	82bc16d30b5f19127e1fa080dab4a542e770e0629919f1fc0669ac9b57d3f8bc	0123af9e96b58af4e98b91a2de5608d36b63c67864b9041d3340587f3dbe40d2	cfa8dcf0d81c408de38d4202fe1ce9d9e5e301d1e67439c9530da94b1e64ee3f	7484d7b0dd80f45e18d726b04752827fe28555cc5c1af0e127948380e6688abf
semantic-proposal-v1	SC1-7ba3752fe0d3945832e20610fc82d872438edc35dfaf7f0a23873ea4ab6340b2	S016150	1	P02	SYMBOLS.tsv	366857	status	aarch64	include/uapi/linux/hsr_netlink.h	conditional	endif@51	51	PENDING_REVIEW	COMPLETE	COMPLETE	vendor/linux/include/uapi/linux/hsr_netlink.h;vendor/linux/include/uapi/linux/hsr_netlink.h:51;rewrite/configs/aarch64/frozen.config;header_closure=rewrite/metadata/header_closure.tsv;selected=PENDING_REVIEW	425f94c2954b1fe80ebdbf9b29854e89750355df	1cb71840644ae5500e2ea9a9dd98edeb56bc8dc377a1714fdf3829fce852e0b4	82bc16d30b5f19127e1fa080dab4a542e770e0629919f1fc0669ac9b57d3f8bc	0123af9e96b58af4e98b91a2de5608d36b63c67864b9041d3340587f3dbe40d2	cfa8dcf0d81c408de38d4202fe1ce9d9e5e301d1e67439c9530da94b1e64ee3f	7484d7b0dd80f45e18d726b04752827fe28555cc5c1af0e127948380e6688abf
semantic-proposal-v1	SC1-fc590a192de2ca1b902b2560abc5338e79fc723d4c9b7e01cdeefda2a73393f6	S016150	1	P02	SYMBOLS.tsv	366858	selection_expression	aarch64	include/uapi/linux/hsr_netlink.h	operative_macro	__UAPI_HSR_NETLINK_H	15	PENDING_REVIEW	SOURCE_REVIEWED_VALUE	COMPLETE	vendor/linux/include/uapi/linux/hsr_netlink.h;vendor/linux/include/uapi/linux/hsr_netlink.h:15;rewrite/configs/aarch64/frozen.config;header_closure=rewrite/metadata/header_closure.tsv;selected=PENDING_REVIEW	425f94c2954b1fe80ebdbf9b29854e89750355df	1cb71840644ae5500e2ea9a9dd98edeb56bc8dc377a1714fdf3829fce852e0b4	82bc16d30b5f19127e1fa080dab4a542e770e0629919f1fc0669ac9b57d3f8bc	0123af9e96b58af4e98b91a2de5608d36b63c67864b9041d3340587f3dbe40d2	cfa8dcf0d81c408de38d4202fe1ce9d9e5e301d1e67439c9530da94b1e64ee3f	7484d7b0dd80f45e18d726b04752827fe28555cc5c1af0e127948380e6688abf
semantic-proposal-v1	SC1-241c3c18850d984d5eabcf7187497347bf1d03318519599ca6eb56487f8b662f	S016150	1	P02	SYMBOLS.tsv	366858	status	aarch64	include/uapi/linux/hsr_netlink.h	operative_macro	__UAPI_HSR_NETLINK_H	15	PENDING_REVIEW	COMPLETE	COMPLETE	vendor/linux/include/uapi/linux/hsr_netlink.h;vendor/linux/include/uapi/linux/hsr_netlink.h:15;rewrite/configs/aarch64/frozen.config;header_closure=rewrite/metadata/header_closure.tsv;selected=PENDING_REVIEW	425f94c2954b1fe80ebdbf9b29854e89750355df	1cb71840644ae5500e2ea9a9dd98edeb56bc8dc377a1714fdf3829fce852e0b4	82bc16d30b5f19127e1fa080dab4a542e770e0629919f1fc0669ac9b57d3f8bc	0123af9e96b58af4e98b91a2de5608d36b63c67864b9041d3340587f3dbe40d2	cfa8dcf0d81c408de38d4202fe1ce9d9e5e301d1e67439c9530da94b1e64ee3f	7484d7b0dd80f45e18d726b04752827fe28555cc5c1af0e127948380e6688abf
semantic-proposal-v1	SC1-28ce3012ef3bbe107a1c1c05d94d06d4ef889904a6538435a4fb492fa2ab685b	S016150	1	P02	SYMBOLS.tsv	366859	selection_expression	aarch64	include/uapi/linux/hsr_netlink.h	operative_macro	HSR_A_MAX	35	PENDING_REVIEW	SOURCE_REVIEWED_VALUE	COMPLETE	vendor/linux/include/uapi/linux/hsr_netlink.h;vendor/linux/include/uapi/linux/hsr_netlink.h:35;rewrite/configs/aarch64/frozen.config;header_closure=rewrite/metadata/header_closure.tsv;selected=PENDING_REVIEW	425f94c2954b1fe80ebdbf9b29854e89750355df	1cb71840644ae5500e2ea9a9dd98edeb56bc8dc377a1714fdf3829fce852e0b4	82bc16d30b5f19127e1fa080dab4a542e770e0629919f1fc0669ac9b57d3f8bc	0123af9e96b58af4e98b91a2de5608d36b63c67864b9041d3340587f3dbe40d2	cfa8dcf0d81c408de38d4202fe1ce9d9e5e301d1e67439c9530da94b1e64ee3f	7484d7b0dd80f45e18d726b04752827fe28555cc5c1af0e127948380e6688abf
semantic-proposal-v1	SC1-2d8ac51e16d3a002a04b7511c7aabc4b7fc270ccfdc4d6702fea3f06b222e765	S016150	1	P02	SYMBOLS.tsv	366859	status	aarch64	include/uapi/linux/hsr_netlink.h	operative_macro	HSR_A_MAX	35	PENDING_REVIEW	COMPLETE	COMPLETE	vendor/linux/include/uapi/linux/hsr_netlink.h;vendor/linux/include/uapi/linux/hsr_netlink.h:35;rewrite/configs/aarch64/frozen.config;header_closure=rewrite/metadata/header_closure.tsv;selected=PENDING_REVIEW	425f94c2954b1fe80ebdbf9b29854e89750355df	1cb71840644ae5500e2ea9a9dd98edeb56bc8dc377a1714fdf3829fce852e0b4	82bc16d30b5f19127e1fa080dab4a542e770e0629919f1fc0669ac9b57d3f8bc	0123af9e96b58af4e98b91a2de5608d36b63c67864b9041d3340587f3dbe40d2	cfa8dcf0d81c408de38d4202fe1ce9d9e5e301d1e67439c9530da94b1e64ee3f	7484d7b0dd80f45e18d726b04752827fe28555cc5c1af0e127948380e6688abf
semantic-proposal-v1	SC1-b5e89dbdd2b063be78745d3514e03bdd69baec20b5e728c2f5ee82904c95082c	S016150	1	P02	SYMBOLS.tsv	366860	selection_expression	aarch64	include/uapi/linux/hsr_netlink.h	operative_macro	HSR_C_MAX	49	PENDING_REVIEW	SOURCE_REVIEWED_VALUE	COMPLETE	vendor/linux/include/uapi/linux/hsr_netlink.h;vendor/linux/include/uapi/linux/hsr_netlink.h:49;rewrite/configs/aarch64/frozen.config;header_closure=rewrite/metadata/header_closure.tsv;selected=PENDING_REVIEW	425f94c2954b1fe80ebdbf9b29854e89750355df	1cb71840644ae5500e2ea9a9dd98edeb56bc8dc377a1714fdf3829fce852e0b4	82bc16d30b5f19127e1fa080dab4a542e770e0629919f1fc0669ac9b57d3f8bc	0123af9e96b58af4e98b91a2de5608d36b63c67864b9041d3340587f3dbe40d2	cfa8dcf0d81c408de38d4202fe1ce9d9e5e301d1e67439c9530da94b1e64ee3f	7484d7b0dd80f45e18d726b04752827fe28555cc5c1af0e127948380e6688abf
semantic-proposal-v1	SC1-bdf1d739bfbc87661f9c58fa5875f647fc158bf53c939785f7e2a1be8acc574c	S016150	1	P02	SYMBOLS.tsv	366860	status	aarch64	include/uapi/linux/hsr_netlink.h	operative_macro	HSR_C_MAX	49	PENDING_REVIEW	COMPLETE	COMPLETE	vendor/linux/include/uapi/linux/hsr_netlink.h;vendor/linux/include/uapi/linux/hsr_netlink.h:49;rewrite/configs/aarch64/frozen.config;header_closure=rewrite/metadata/header_closure.tsv;selected=PENDING_REVIEW	425f94c2954b1fe80ebdbf9b29854e89750355df	1cb71840644ae5500e2ea9a9dd98edeb56bc8dc377a1714fdf3829fce852e0b4	82bc16d30b5f19127e1fa080dab4a542e770e0629919f1fc0669ac9b57d3f8bc	0123af9e96b58af4e98b91a2de5608d36b63c67864b9041d3340587f3dbe40d2	cfa8dcf0d81c408de38d4202fe1ce9d9e5e301d1e67439c9530da94b1e64ee3f	7484d7b0dd80f45e18d726b04752827fe28555cc5c1af0e127948380e6688abf
semantic-proposal-v1	SC1-cdb2f3f78417d0ad614119bb836ccf50358f8e8dca282883ccb07d18b0622299	S016150	1	P02	SYMBOLS.tsv	366861	selection_expression	aarch64	include/uapi/linux/hsr_netlink.h	type	anonymous_enum@21	21	PENDING_REVIEW	SOURCE_REVIEWED_VALUE	COMPLETE	vendor/linux/include/uapi/linux/hsr_netlink.h;vendor/linux/include/uapi/linux/hsr_netlink.h:21;rewrite/configs/aarch64/frozen.config;header_closure=rewrite/metadata/header_closure.tsv;selected=PENDING_REVIEW	425f94c2954b1fe80ebdbf9b29854e89750355df	1cb71840644ae5500e2ea9a9dd98edeb56bc8dc377a1714fdf3829fce852e0b4	82bc16d30b5f19127e1fa080dab4a542e770e0629919f1fc0669ac9b57d3f8bc	0123af9e96b58af4e98b91a2de5608d36b63c67864b9041d3340587f3dbe40d2	cfa8dcf0d81c408de38d4202fe1ce9d9e5e301d1e67439c9530da94b1e64ee3f	7484d7b0dd80f45e18d726b04752827fe28555cc5c1af0e127948380e6688abf
semantic-proposal-v1	SC1-329664a6e1ce1273ff84ebea969b4e5071f09d49c4960c6f011767c06b59ce6f	S016150	1	P02	SYMBOLS.tsv	366861	status	aarch64	include/uapi/linux/hsr_netlink.h	type	anonymous_enum@21	21	PENDING_REVIEW	COMPLETE	COMPLETE	vendor/linux/include/uapi/linux/hsr_netlink.h;vendor/linux/include/uapi/linux/hsr_netlink.h:21;rewrite/configs/aarch64/frozen.config;header_closure=rewrite/metadata/header_closure.tsv;selected=PENDING_REVIEW	425f94c2954b1fe80ebdbf9b29854e89750355df	1cb71840644ae5500e2ea9a9dd98edeb56bc8dc377a1714fdf3829fce852e0b4	82bc16d30b5f19127e1fa080dab4a542e770e0629919f1fc0669ac9b57d3f8bc	0123af9e96b58af4e98b91a2de5608d36b63c67864b9041d3340587f3dbe40d2	cfa8dcf0d81c408de38d4202fe1ce9d9e5e301d1e67439c9530da94b1e64ee3f	7484d7b0dd80f45e18d726b04752827fe28555cc5c1af0e127948380e6688abf
semantic-proposal-v1	SC1-38447a31c026e77e66a12344bd25dd093c74da520344d9e72b4c9b0ba2e0d494	S016150	1	P02	SYMBOLS.tsv	366862	selection_expression	aarch64	include/uapi/linux/hsr_netlink.h	enum_constant	HSR_A_UNSPEC	22	PENDING_REVIEW	SOURCE_REVIEWED_VALUE	COMPLETE	vendor/linux/include/uapi/linux/hsr_netlink.h;vendor/linux/include/uapi/linux/hsr_netlink.h:22;rewrite/configs/aarch64/frozen.config;header_closure=rewrite/metadata/header_closure.tsv;selected=PENDING_REVIEW	425f94c2954b1fe80ebdbf9b29854e89750355df	1cb71840644ae5500e2ea9a9dd98edeb56bc8dc377a1714fdf3829fce852e0b4	82bc16d30b5f19127e1fa080dab4a542e770e0629919f1fc0669ac9b57d3f8bc	0123af9e96b58af4e98b91a2de5608d36b63c67864b9041d3340587f3dbe40d2	cfa8dcf0d81c408de38d4202fe1ce9d9e5e301d1e67439c9530da94b1e64ee3f	7484d7b0dd80f45e18d726b04752827fe28555cc5c1af0e127948380e6688abf
semantic-proposal-v1	SC1-4a6f37b85af14d2f1bd95a5ce65668eb36ff8b8e497c67bd3f40d27d6966a089	S016150	1	P02	SYMBOLS.tsv	366862	status	aarch64	include/uapi/linux/hsr_netlink.h	enum_constant	HSR_A_UNSPEC	22	PENDING_REVIEW	COMPLETE	COMPLETE	vendor/linux/include/uapi/linux/hsr_netlink.h;vendor/linux/include/uapi/linux/hsr_netlink.h:22;rewrite/configs/aarch64/frozen.config;header_closure=rewrite/metadata/header_closure.tsv;selected=PENDING_REVIEW	425f94c2954b1fe80ebdbf9b29854e89750355df	1cb71840644ae5500e2ea9a9dd98edeb56bc8dc377a1714fdf3829fce852e0b4	82bc16d30b5f19127e1fa080dab4a542e770e0629919f1fc0669ac9b57d3f8bc	0123af9e96b58af4e98b91a2de5608d36b63c67864b9041d3340587f3dbe40d2	cfa8dcf0d81c408de38d4202fe1ce9d9e5e301d1e67439c9530da94b1e64ee3f	7484d7b0dd80f45e18d726b04752827fe28555cc5c1af0e127948380e6688abf
semantic-proposal-v1	SC1-000e2e20ca3e4a006c0ddad83a97be281a7bd4696b72be5ebd549c8169579af5	S016150	1	P02	SYMBOLS.tsv	366863	selection_expression	aarch64	include/uapi/linux/hsr_netlink.h	enum_constant	HSR_A_NODE_ADDR	23	PENDING_REVIEW	SOURCE_REVIEWED_VALUE	COMPLETE	vendor/linux/include/uapi/linux/hsr_netlink.h;vendor/linux/include/uapi/linux/hsr_netlink.h:23;rewrite/configs/aarch64/frozen.config;header_closure=rewrite/metadata/header_closure.tsv;selected=PENDING_REVIEW	425f94c2954b1fe80ebdbf9b29854e89750355df	1cb71840644ae5500e2ea9a9dd98edeb56bc8dc377a1714fdf3829fce852e0b4	82bc16d30b5f19127e1fa080dab4a542e770e0629919f1fc0669ac9b57d3f8bc	0123af9e96b58af4e98b91a2de5608d36b63c67864b9041d3340587f3dbe40d2	cfa8dcf0d81c408de38d4202fe1ce9d9e5e301d1e67439c9530da94b1e64ee3f	7484d7b0dd80f45e18d726b04752827fe28555cc5c1af0e127948380e6688abf
semantic-proposal-v1	SC1-073dfc71d1fd577db0b842925fc05211688322412e09e4d007189dac97ce12e9	S016150	1	P02	SYMBOLS.tsv	366863	status	aarch64	include/uapi/linux/hsr_netlink.h	enum_constant	HSR_A_NODE_ADDR	23	PENDING_REVIEW	COMPLETE	COMPLETE	vendor/linux/include/uapi/linux/hsr_netlink.h;vendor/linux/include/uapi/linux/hsr_netlink.h:23;rewrite/configs/aarch64/frozen.config;header_closure=rewrite/metadata/header_closure.tsv;selected=PENDING_REVIEW	425f94c2954b1fe80ebdbf9b29854e89750355df	1cb71840644ae5500e2ea9a9dd98edeb56bc8dc377a1714fdf3829fce852e0b4	82bc16d30b5f19127e1fa080dab4a542e770e0629919f1fc0669ac9b57d3f8bc	0123af9e96b58af4e98b91a2de5608d36b63c67864b9041d3340587f3dbe40d2	cfa8dcf0d81c408de38d4202fe1ce9d9e5e301d1e67439c9530da94b1e64ee3f	7484d7b0dd80f45e18d726b04752827fe28555cc5c1af0e127948380e6688abf
semantic-proposal-v1	SC1-94d7c47a74528ff053a5bc7545679eeebf3829283d48e129bb043fce8645bc30	S016150	1	P02	SYMBOLS.tsv	366864	selection_expression	aarch64	include/uapi/linux/hsr_netlink.h	enum_constant	HSR_A_IFINDEX	24	PENDING_REVIEW	SOURCE_REVIEWED_VALUE	COMPLETE	vendor/linux/include/uapi/linux/hsr_netlink.h;vendor/linux/include/uapi/linux/hsr_netlink.h:24;rewrite/configs/aarch64/frozen.config;header_closure=rewrite/metadata/header_closure.tsv;selected=PENDING_REVIEW	425f94c2954b1fe80ebdbf9b29854e89750355df	1cb71840644ae5500e2ea9a9dd98edeb56bc8dc377a1714fdf3829fce852e0b4	82bc16d30b5f19127e1fa080dab4a542e770e0629919f1fc0669ac9b57d3f8bc	0123af9e96b58af4e98b91a2de5608d36b63c67864b9041d3340587f3dbe40d2	cfa8dcf0d81c408de38d4202fe1ce9d9e5e301d1e67439c9530da94b1e64ee3f	7484d7b0dd80f45e18d726b04752827fe28555cc5c1af0e127948380e6688abf
semantic-proposal-v1	SC1-41c02e29f0af96d3cf695b2ff752ec4fadcd87fbe1e82d8c29e0a468315de2ab	S016150	1	P02	SYMBOLS.tsv	366864	status	aarch64	include/uapi/linux/hsr_netlink.h	enum_constant	HSR_A_IFINDEX	24	PENDING_REVIEW	COMPLETE	COMPLETE	vendor/linux/include/uapi/linux/hsr_netlink.h;vendor/linux/include/uapi/linux/hsr_netlink.h:24;rewrite/configs/aarch64/frozen.config;header_closure=rewrite/metadata/header_closure.tsv;selected=PENDING_REVIEW	425f94c2954b1fe80ebdbf9b29854e89750355df	1cb71840644ae5500e2ea9a9dd98edeb56bc8dc377a1714fdf3829fce852e0b4	82bc16d30b5f19127e1fa080dab4a542e770e0629919f1fc0669ac9b57d3f8bc	0123af9e96b58af4e98b91a2de5608d36b63c67864b9041d3340587f3dbe40d2	cfa8dcf0d81c408de38d4202fe1ce9d9e5e301d1e67439c9530da94b1e64ee3f	7484d7b0dd80f45e18d726b04752827fe28555cc5c1af0e127948380e6688abf
semantic-proposal-v1	SC1-f225c26d6ee54c63574d28fa3e7641ce13bb4c4eb17558d6dca595d2ed8e97ce	S016150	1	P02	SYMBOLS.tsv	366865	selection_expression	aarch64	include/uapi/linux/hsr_netlink.h	enum_constant	HSR_A_IF1_AGE	25	PENDING_REVIEW	SOURCE_REVIEWED_VALUE	COMPLETE	vendor/linux/include/uapi/linux/hsr_netlink.h;vendor/linux/include/uapi/linux/hsr_netlink.h:25;rewrite/configs/aarch64/frozen.config;header_closure=rewrite/metadata/header_closure.tsv;selected=PENDING_REVIEW	425f94c2954b1fe80ebdbf9b29854e89750355df	1cb71840644ae5500e2ea9a9dd98edeb56bc8dc377a1714fdf3829fce852e0b4	82bc16d30b5f19127e1fa080dab4a542e770e0629919f1fc0669ac9b57d3f8bc	0123af9e96b58af4e98b91a2de5608d36b63c67864b9041d3340587f3dbe40d2	cfa8dcf0d81c408de38d4202fe1ce9d9e5e301d1e67439c9530da94b1e64ee3f	7484d7b0dd80f45e18d726b04752827fe28555cc5c1af0e127948380e6688abf
semantic-proposal-v1	SC1-45ef4ed18ef1799c57d19f41a8677116f7d4663c42d70c2c4ee3c79bd10bb8ad	S016150	1	P02	SYMBOLS.tsv	366865	status	aarch64	include/uapi/linux/hsr_netlink.h	enum_constant	HSR_A_IF1_AGE	25	PENDING_REVIEW	COMPLETE	COMPLETE	vendor/linux/include/uapi/linux/hsr_netlink.h;vendor/linux/include/uapi/linux/hsr_netlink.h:25;rewrite/configs/aarch64/frozen.config;header_closure=rewrite/metadata/header_closure.tsv;selected=PENDING_REVIEW	425f94c2954b1fe80ebdbf9b29854e89750355df	1cb71840644ae5500e2ea9a9dd98edeb56bc8dc377a1714fdf3829fce852e0b4	82bc16d30b5f19127e1fa080dab4a542e770e0629919f1fc0669ac9b57d3f8bc	0123af9e96b58af4e98b91a2de5608d36b63c67864b9041d3340587f3dbe40d2	cfa8dcf0d81c408de38d4202fe1ce9d9e5e301d1e67439c9530da94b1e64ee3f	7484d7b0dd80f45e18d726b04752827fe28555cc5c1af0e127948380e6688abf
semantic-proposal-v1	SC1-f20b03b7b24db3a77de206632dff1814abda2a59187dcada170d28eb2fef98ad	S016150	1	P02	SYMBOLS.tsv	366866	selection_expression	aarch64	include/uapi/linux/hsr_netlink.h	enum_constant	HSR_A_IF2_AGE	26	PENDING_REVIEW	SOURCE_REVIEWED_VALUE	COMPLETE	vendor/linux/include/uapi/linux/hsr_netlink.h;vendor/linux/include/uapi/linux/hsr_netlink.h:26;rewrite/configs/aarch64/frozen.config;header_closure=rewrite/metadata/header_closure.tsv;selected=PENDING_REVIEW	425f94c2954b1fe80ebdbf9b29854e89750355df	1cb71840644ae5500e2ea9a9dd98edeb56bc8dc377a1714fdf3829fce852e0b4	82bc16d30b5f19127e1fa080dab4a542e770e0629919f1fc0669ac9b57d3f8bc	0123af9e96b58af4e98b91a2de5608d36b63c67864b9041d3340587f3dbe40d2	cfa8dcf0d81c408de38d4202fe1ce9d9e5e301d1e67439c9530da94b1e64ee3f	7484d7b0dd80f45e18d726b04752827fe28555cc5c1af0e127948380e6688abf
semantic-proposal-v1	SC1-60e08b876085be961d6b9af8cc7fb5d08e7f19ca9a502ccf284f60d33609319e	S016150	1	P02	SYMBOLS.tsv	366866	status	aarch64	include/uapi/linux/hsr_netlink.h	enum_constant	HSR_A_IF2_AGE	26	PENDING_REVIEW	COMPLETE	COMPLETE	vendor/linux/include/uapi/linux/hsr_netlink.h;vendor/linux/include/uapi/linux/hsr_netlink.h:26;rewrite/configs/aarch64/frozen.config;header_closure=rewrite/metadata/header_closure.tsv;selected=PENDING_REVIEW	425f94c2954b1fe80ebdbf9b29854e89750355df	1cb71840644ae5500e2ea9a9dd98edeb56bc8dc377a1714fdf3829fce852e0b4	82bc16d30b5f19127e1fa080dab4a542e770e0629919f1fc0669ac9b57d3f8bc	0123af9e96b58af4e98b91a2de5608d36b63c67864b9041d3340587f3dbe40d2	cfa8dcf0d81c408de38d4202fe1ce9d9e5e301d1e67439c9530da94b1e64ee3f	7484d7b0dd80f45e18d726b04752827fe28555cc5c1af0e127948380e6688abf
semantic-proposal-v1	SC1-c443dbba22769538b3836ee9b58e8e82f5d269425f930ea1127b825d9608c74c	S016150	1	P02	SYMBOLS.tsv	366867	selection_expression	aarch64	include/uapi/linux/hsr_netlink.h	enum_constant	HSR_A_NODE_ADDR_B	27	PENDING_REVIEW	SOURCE_REVIEWED_VALUE	COMPLETE	vendor/linux/include/uapi/linux/hsr_netlink.h;vendor/linux/include/uapi/linux/hsr_netlink.h:27;rewrite/configs/aarch64/frozen.config;header_closure=rewrite/metadata/header_closure.tsv;selected=PENDING_REVIEW	425f94c2954b1fe80ebdbf9b29854e89750355df	1cb71840644ae5500e2ea9a9dd98edeb56bc8dc377a1714fdf3829fce852e0b4	82bc16d30b5f19127e1fa080dab4a542e770e0629919f1fc0669ac9b57d3f8bc	0123af9e96b58af4e98b91a2de5608d36b63c67864b9041d3340587f3dbe40d2	cfa8dcf0d81c408de38d4202fe1ce9d9e5e301d1e67439c9530da94b1e64ee3f	7484d7b0dd80f45e18d726b04752827fe28555cc5c1af0e127948380e6688abf
semantic-proposal-v1	SC1-95302ddde5d2d707832e3d5c2aa108d9ce81897d145946431612dc7f684da53c	S016150	1	P02	SYMBOLS.tsv	366867	status	aarch64	include/uapi/linux/hsr_netlink.h	enum_constant	HSR_A_NODE_ADDR_B	27	PENDING_REVIEW	COMPLETE	COMPLETE	vendor/linux/include/uapi/linux/hsr_netlink.h;vendor/linux/include/uapi/linux/hsr_netlink.h:27;rewrite/configs/aarch64/frozen.config;header_closure=rewrite/metadata/header_closure.tsv;selected=PENDING_REVIEW	425f94c2954b1fe80ebdbf9b29854e89750355df	1cb71840644ae5500e2ea9a9dd98edeb56bc8dc377a1714fdf3829fce852e0b4	82bc16d30b5f19127e1fa080dab4a542e770e0629919f1fc0669ac9b57d3f8bc	0123af9e96b58af4e98b91a2de5608d36b63c67864b9041d3340587f3dbe40d2	cfa8dcf0d81c408de38d4202fe1ce9d9e5e301d1e67439c9530da94b1e64ee3f	7484d7b0dd80f45e18d726b04752827fe28555cc5c1af0e127948380e6688abf
semantic-proposal-v1	SC1-5bf125f7118ab501b226e6cbe1ea4de7ad138224f3af137ca4c71eead5d17ab1	S016150	1	P02	SYMBOLS.tsv	366868	selection_expression	aarch64	include/uapi/linux/hsr_netlink.h	enum_constant	HSR_A_IF1_SEQ	28	PENDING_REVIEW	SOURCE_REVIEWED_VALUE	COMPLETE	vendor/linux/include/uapi/linux/hsr_netlink.h;vendor/linux/include/uapi/linux/hsr_netlink.h:28;rewrite/configs/aarch64/frozen.config;header_closure=rewrite/metadata/header_closure.tsv;selected=PENDING_REVIEW	425f94c2954b1fe80ebdbf9b29854e89750355df	1cb71840644ae5500e2ea9a9dd98edeb56bc8dc377a1714fdf3829fce852e0b4	82bc16d30b5f19127e1fa080dab4a542e770e0629919f1fc0669ac9b57d3f8bc	0123af9e96b58af4e98b91a2de5608d36b63c67864b9041d3340587f3dbe40d2	cfa8dcf0d81c408de38d4202fe1ce9d9e5e301d1e67439c9530da94b1e64ee3f	7484d7b0dd80f45e18d726b04752827fe28555cc5c1af0e127948380e6688abf
semantic-proposal-v1	SC1-c1ed6b26df2dac671c4b35393c43e18c60c8882c1c1fadbb8866167e8805d870	S016150	1	P02	SYMBOLS.tsv	366868	status	aarch64	include/uapi/linux/hsr_netlink.h	enum_constant	HSR_A_IF1_SEQ	28	PENDING_REVIEW	COMPLETE	COMPLETE	vendor/linux/include/uapi/linux/hsr_netlink.h;vendor/linux/include/uapi/linux/hsr_netlink.h:28;rewrite/configs/aarch64/frozen.config;header_closure=rewrite/metadata/header_closure.tsv;selected=PENDING_REVIEW	425f94c2954b1fe80ebdbf9b29854e89750355df	1cb71840644ae5500e2ea9a9dd98edeb56bc8dc377a1714fdf3829fce852e0b4	82bc16d30b5f19127e1fa080dab4a542e770e0629919f1fc0669ac9b57d3f8bc	0123af9e96b58af4e98b91a2de5608d36b63c67864b9041d3340587f3dbe40d2	cfa8dcf0d81c408de38d4202fe1ce9d9e5e301d1e67439c9530da94b1e64ee3f	7484d7b0dd80f45e18d726b04752827fe28555cc5c1af0e127948380e6688abf
semantic-proposal-v1	SC1-e794822d3f7b828690e7a14b75792e9aa23cf043a1c0dac49306c91a999eec52	S016150	1	P02	SYMBOLS.tsv	366869	selection_expression	aarch64	include/uapi/linux/hsr_netlink.h	enum_constant	HSR_A_IF2_SEQ	29	PENDING_REVIEW	SOURCE_REVIEWED_VALUE	COMPLETE	vendor/linux/include/uapi/linux/hsr_netlink.h;vendor/linux/include/uapi/linux/hsr_netlink.h:29;rewrite/configs/aarch64/frozen.config;header_closure=rewrite/metadata/header_closure.tsv;selected=PENDING_REVIEW	425f94c2954b1fe80ebdbf9b29854e89750355df	1cb71840644ae5500e2ea9a9dd98edeb56bc8dc377a1714fdf3829fce852e0b4	82bc16d30b5f19127e1fa080dab4a542e770e0629919f1fc0669ac9b57d3f8bc	0123af9e96b58af4e98b91a2de5608d36b63c67864b9041d3340587f3dbe40d2	cfa8dcf0d81c408de38d4202fe1ce9d9e5e301d1e67439c9530da94b1e64ee3f	7484d7b0dd80f45e18d726b04752827fe28555cc5c1af0e127948380e6688abf
semantic-proposal-v1	SC1-f33d4f72ac40aa527c48dc992d48eae9d3db5e491ea3ff5f7354897aacd94e94	S016150	1	P02	SYMBOLS.tsv	366869	status	aarch64	include/uapi/linux/hsr_netlink.h	enum_constant	HSR_A_IF2_SEQ	29	PENDING_REVIEW	COMPLETE	COMPLETE	vendor/linux/include/uapi/linux/hsr_netlink.h;vendor/linux/include/uapi/linux/hsr_netlink.h:29;rewrite/configs/aarch64/frozen.config;header_closure=rewrite/metadata/header_closure.tsv;selected=PENDING_REVIEW	425f94c2954b1fe80ebdbf9b29854e89750355df	1cb71840644ae5500e2ea9a9dd98edeb56bc8dc377a1714fdf3829fce852e0b4	82bc16d30b5f19127e1fa080dab4a542e770e0629919f1fc0669ac9b57d3f8bc	0123af9e96b58af4e98b91a2de5608d36b63c67864b9041d3340587f3dbe40d2	cfa8dcf0d81c408de38d4202fe1ce9d9e5e301d1e67439c9530da94b1e64ee3f	7484d7b0dd80f45e18d726b04752827fe28555cc5c1af0e127948380e6688abf
semantic-proposal-v1	SC1-ff31aca8e6e6df726e8c083ff82e9e07e808997ef8be3e865e0e2e250c06688d	S016150	1	P02	SYMBOLS.tsv	366870	selection_expression	aarch64	include/uapi/linux/hsr_netlink.h	enum_constant	HSR_A_IF1_IFINDEX	30	PENDING_REVIEW	SOURCE_REVIEWED_VALUE	COMPLETE	vendor/linux/include/uapi/linux/hsr_netlink.h;vendor/linux/include/uapi/linux/hsr_netlink.h:30;rewrite/configs/aarch64/frozen.config;header_closure=rewrite/metadata/header_closure.tsv;selected=PENDING_REVIEW	425f94c2954b1fe80ebdbf9b29854e89750355df	1cb71840644ae5500e2ea9a9dd98edeb56bc8dc377a1714fdf3829fce852e0b4	82bc16d30b5f19127e1fa080dab4a542e770e0629919f1fc0669ac9b57d3f8bc	0123af9e96b58af4e98b91a2de5608d36b63c67864b9041d3340587f3dbe40d2	cfa8dcf0d81c408de38d4202fe1ce9d9e5e301d1e67439c9530da94b1e64ee3f	7484d7b0dd80f45e18d726b04752827fe28555cc5c1af0e127948380e6688abf
semantic-proposal-v1	SC1-edf95e7d59982557d8d8832a9a6f37590b0e2e015789bec19e627d450c9f6d8f	S016150	1	P02	SYMBOLS.tsv	366870	status	aarch64	include/uapi/linux/hsr_netlink.h	enum_constant	HSR_A_IF1_IFINDEX	30	PENDING_REVIEW	COMPLETE	COMPLETE	vendor/linux/include/uapi/linux/hsr_netlink.h;vendor/linux/include/uapi/linux/hsr_netlink.h:30;rewrite/configs/aarch64/frozen.config;header_closure=rewrite/metadata/header_closure.tsv;selected=PENDING_REVIEW	425f94c2954b1fe80ebdbf9b29854e89750355df	1cb71840644ae5500e2ea9a9dd98edeb56bc8dc377a1714fdf3829fce852e0b4	82bc16d30b5f19127e1fa080dab4a542e770e0629919f1fc0669ac9b57d3f8bc	0123af9e96b58af4e98b91a2de5608d36b63c67864b9041d3340587f3dbe40d2	cfa8dcf0d81c408de38d4202fe1ce9d9e5e301d1e67439c9530da94b1e64ee3f	7484d7b0dd80f45e18d726b04752827fe28555cc5c1af0e127948380e6688abf
semantic-proposal-v1	SC1-f66d749e9f9ae510afad06614fe465a67d460a8ddd83547f10b8ab8c2aae618f	S016150	1	P02	SYMBOLS.tsv	366871	selection_expression	aarch64	include/uapi/linux/hsr_netlink.h	enum_constant	HSR_A_IF2_IFINDEX	31	PENDING_REVIEW	SOURCE_REVIEWED_VALUE	COMPLETE	vendor/linux/include/uapi/linux/hsr_netlink.h;vendor/linux/include/uapi/linux/hsr_netlink.h:31;rewrite/configs/aarch64/frozen.config;header_closure=rewrite/metadata/header_closure.tsv;selected=PENDING_REVIEW	425f94c2954b1fe80ebdbf9b29854e89750355df	1cb71840644ae5500e2ea9a9dd98edeb56bc8dc377a1714fdf3829fce852e0b4	82bc16d30b5f19127e1fa080dab4a542e770e0629919f1fc0669ac9b57d3f8bc	0123af9e96b58af4e98b91a2de5608d36b63c67864b9041d3340587f3dbe40d2	cfa8dcf0d81c408de38d4202fe1ce9d9e5e301d1e67439c9530da94b1e64ee3f	7484d7b0dd80f45e18d726b04752827fe28555cc5c1af0e127948380e6688abf
semantic-proposal-v1	SC1-8af83002e46bcb08d0ae8373a1ab5d8ccd32ad40e7a174c65c6f6100ebcfc9c9	S016150	1	P02	SYMBOLS.tsv	366871	status	aarch64	include/uapi/linux/hsr_netlink.h	enum_constant	HSR_A_IF2_IFINDEX	31	PENDING_REVIEW	COMPLETE	COMPLETE	vendor/linux/include/uapi/linux/hsr_netlink.h;vendor/linux/include/uapi/linux/hsr_netlink.h:31;rewrite/configs/aarch64/frozen.config;header_closure=rewrite/metadata/header_closure.tsv;selected=PENDING_REVIEW	425f94c2954b1fe80ebdbf9b29854e89750355df	1cb71840644ae5500e2ea9a9dd98edeb56bc8dc377a1714fdf3829fce852e0b4	82bc16d30b5f19127e1fa080dab4a542e770e0629919f1fc0669ac9b57d3f8bc	0123af9e96b58af4e98b91a2de5608d36b63c67864b9041d3340587f3dbe40d2	cfa8dcf0d81c408de38d4202fe1ce9d9e5e301d1e67439c9530da94b1e64ee3f	7484d7b0dd80f45e18d726b04752827fe28555cc5c1af0e127948380e6688abf
semantic-proposal-v1	SC1-49483f473d1840775526964df7cad1d639c74f090d7a08cdcd639c09f96889ae	S016150	1	P02	SYMBOLS.tsv	366872	selection_expression	aarch64	include/uapi/linux/hsr_netlink.h	enum_constant	HSR_A_ADDR_B_IFINDEX	32	PENDING_REVIEW	SOURCE_REVIEWED_VALUE	COMPLETE	vendor/linux/include/uapi/linux/hsr_netlink.h;vendor/linux/include/uapi/linux/hsr_netlink.h:32;rewrite/configs/aarch64/frozen.config;header_closure=rewrite/metadata/header_closure.tsv;selected=PENDING_REVIEW	425f94c2954b1fe80ebdbf9b29854e89750355df	1cb71840644ae5500e2ea9a9dd98edeb56bc8dc377a1714fdf3829fce852e0b4	82bc16d30b5f19127e1fa080dab4a542e770e0629919f1fc0669ac9b57d3f8bc	0123af9e96b58af4e98b91a2de5608d36b63c67864b9041d3340587f3dbe40d2	cfa8dcf0d81c408de38d4202fe1ce9d9e5e301d1e67439c9530da94b1e64ee3f	7484d7b0dd80f45e18d726b04752827fe28555cc5c1af0e127948380e6688abf
semantic-proposal-v1	SC1-9ff51a7f69fcc4d1062525ec72c38a5a3328e54582c0e9cbcfb112540df7c51f	S016150	1	P02	SYMBOLS.tsv	366872	status	aarch64	include/uapi/linux/hsr_netlink.h	enum_constant	HSR_A_ADDR_B_IFINDEX	32	PENDING_REVIEW	COMPLETE	COMPLETE	vendor/linux/include/uapi/linux/hsr_netlink.h;vendor/linux/include/uapi/linux/hsr_netlink.h:32;rewrite/configs/aarch64/frozen.config;header_closure=rewrite/metadata/header_closure.tsv;selected=PENDING_REVIEW	425f94c2954b1fe80ebdbf9b29854e89750355df	1cb71840644ae5500e2ea9a9dd98edeb56bc8dc377a1714fdf3829fce852e0b4	82bc16d30b5f19127e1fa080dab4a542e770e0629919f1fc0669ac9b57d3f8bc	0123af9e96b58af4e98b91a2de5608d36b63c67864b9041d3340587f3dbe40d2	cfa8dcf0d81c408de38d4202fe1ce9d9e5e301d1e67439c9530da94b1e64ee3f	7484d7b0dd80f45e18d726b04752827fe28555cc5c1af0e127948380e6688abf
semantic-proposal-v1	SC1-606900105bea6c1c3b2913bb36371f8c054738018740700df237b6adbbc29239	S016150	1	P02	SYMBOLS.tsv	366873	selection_expression	aarch64	include/uapi/linux/hsr_netlink.h	enum_constant	__HSR_A_MAX	33	PENDING_REVIEW	SOURCE_REVIEWED_VALUE	COMPLETE	vendor/linux/include/uapi/linux/hsr_netlink.h;vendor/linux/include/uapi/linux/hsr_netlink.h:33;rewrite/configs/aarch64/frozen.config;header_closure=rewrite/metadata/header_closure.tsv;selected=PENDING_REVIEW	425f94c2954b1fe80ebdbf9b29854e89750355df	1cb71840644ae5500e2ea9a9dd98edeb56bc8dc377a1714fdf3829fce852e0b4	82bc16d30b5f19127e1fa080dab4a542e770e0629919f1fc0669ac9b57d3f8bc	0123af9e96b58af4e98b91a2de5608d36b63c67864b9041d3340587f3dbe40d2	cfa8dcf0d81c408de38d4202fe1ce9d9e5e301d1e67439c9530da94b1e64ee3f	7484d7b0dd80f45e18d726b04752827fe28555cc5c1af0e127948380e6688abf
semantic-proposal-v1	SC1-95ad0afb57fbdcf625de82236efb3cb83c238be0bdc001253a26bf79588c2e83	S016150	1	P02	SYMBOLS.tsv	366873	status	aarch64	include/uapi/linux/hsr_netlink.h	enum_constant	__HSR_A_MAX	33	PENDING_REVIEW	COMPLETE	COMPLETE	vendor/linux/include/uapi/linux/hsr_netlink.h;vendor/linux/include/uapi/linux/hsr_netlink.h:33;rewrite/configs/aarch64/frozen.config;header_closure=rewrite/metadata/header_closure.tsv;selected=PENDING_REVIEW	425f94c2954b1fe80ebdbf9b29854e89750355df	1cb71840644ae5500e2ea9a9dd98edeb56bc8dc377a1714fdf3829fce852e0b4	82bc16d30b5f19127e1fa080dab4a542e770e0629919f1fc0669ac9b57d3f8bc	0123af9e96b58af4e98b91a2de5608d36b63c67864b9041d3340587f3dbe40d2	cfa8dcf0d81c408de38d4202fe1ce9d9e5e301d1e67439c9530da94b1e64ee3f	7484d7b0dd80f45e18d726b04752827fe28555cc5c1af0e127948380e6688abf
semantic-proposal-v1	SC1-30e1c23caeb18163be152b833b81aec7b457cc87bbad5dc07a171d63c70c2c69	S016150	1	P02	SYMBOLS.tsv	366874	selection_expression	aarch64	include/uapi/linux/hsr_netlink.h	type	anonymous_enum@39	39	PENDING_REVIEW	SOURCE_REVIEWED_VALUE	COMPLETE	vendor/linux/include/uapi/linux/hsr_netlink.h;vendor/linux/include/uapi/linux/hsr_netlink.h:39;rewrite/configs/aarch64/frozen.config;header_closure=rewrite/metadata/header_closure.tsv;selected=PENDING_REVIEW	425f94c2954b1fe80ebdbf9b29854e89750355df	1cb71840644ae5500e2ea9a9dd98edeb56bc8dc377a1714fdf3829fce852e0b4	82bc16d30b5f19127e1fa080dab4a542e770e0629919f1fc0669ac9b57d3f8bc	0123af9e96b58af4e98b91a2de5608d36b63c67864b9041d3340587f3dbe40d2	cfa8dcf0d81c408de38d4202fe1ce9d9e5e301d1e67439c9530da94b1e64ee3f	7484d7b0dd80f45e18d726b04752827fe28555cc5c1af0e127948380e6688abf
semantic-proposal-v1	SC1-4fd493e361d0dbdca24a3e02808a4395300206422a6b74d3bbb81437673bd285	S016150	1	P02	SYMBOLS.tsv	366874	status	aarch64	include/uapi/linux/hsr_netlink.h	type	anonymous_enum@39	39	PENDING_REVIEW	COMPLETE	COMPLETE	vendor/linux/include/uapi/linux/hsr_netlink.h;vendor/linux/include/uapi/linux/hsr_netlink.h:39;rewrite/configs/aarch64/frozen.config;header_closure=rewrite/metadata/header_closure.tsv;selected=PENDING_REVIEW	425f94c2954b1fe80ebdbf9b29854e89750355df	1cb71840644ae5500e2ea9a9dd98edeb56bc8dc377a1714fdf3829fce852e0b4	82bc16d30b5f19127e1fa080dab4a542e770e0629919f1fc0669ac9b57d3f8bc	0123af9e96b58af4e98b91a2de5608d36b63c67864b9041d3340587f3dbe40d2	cfa8dcf0d81c408de38d4202fe1ce9d9e5e301d1e67439c9530da94b1e64ee3f	7484d7b0dd80f45e18d726b04752827fe28555cc5c1af0e127948380e6688abf
semantic-proposal-v1	SC1-0d43e657e0c5c58e3258db824f37e177dda6c8223943281b0519bdcdd3bebd6c	S016150	1	P02	SYMBOLS.tsv	366875	selection_expression	aarch64	include/uapi/linux/hsr_netlink.h	enum_constant	HSR_C_UNSPEC	40	PENDING_REVIEW	SOURCE_REVIEWED_VALUE	COMPLETE	vendor/linux/include/uapi/linux/hsr_netlink.h;vendor/linux/include/uapi/linux/hsr_netlink.h:40;rewrite/configs/aarch64/frozen.config;header_closure=rewrite/metadata/header_closure.tsv;selected=PENDING_REVIEW	425f94c2954b1fe80ebdbf9b29854e89750355df	1cb71840644ae5500e2ea9a9dd98edeb56bc8dc377a1714fdf3829fce852e0b4	82bc16d30b5f19127e1fa080dab4a542e770e0629919f1fc0669ac9b57d3f8bc	0123af9e96b58af4e98b91a2de5608d36b63c67864b9041d3340587f3dbe40d2	cfa8dcf0d81c408de38d4202fe1ce9d9e5e301d1e67439c9530da94b1e64ee3f	7484d7b0dd80f45e18d726b04752827fe28555cc5c1af0e127948380e6688abf
semantic-proposal-v1	SC1-67d063605c0170ee9d43c839eaeaa09e92e536ce5f1bab1aa51fa849cce9a3fd	S016150	1	P02	SYMBOLS.tsv	366875	status	aarch64	include/uapi/linux/hsr_netlink.h	enum_constant	HSR_C_UNSPEC	40	PENDING_REVIEW	COMPLETE	COMPLETE	vendor/linux/include/uapi/linux/hsr_netlink.h;vendor/linux/include/uapi/linux/hsr_netlink.h:40;rewrite/configs/aarch64/frozen.config;header_closure=rewrite/metadata/header_closure.tsv;selected=PENDING_REVIEW	425f94c2954b1fe80ebdbf9b29854e89750355df	1cb71840644ae5500e2ea9a9dd98edeb56bc8dc377a1714fdf3829fce852e0b4	82bc16d30b5f19127e1fa080dab4a542e770e0629919f1fc0669ac9b57d3f8bc	0123af9e96b58af4e98b91a2de5608d36b63c67864b9041d3340587f3dbe40d2	cfa8dcf0d81c408de38d4202fe1ce9d9e5e301d1e67439c9530da94b1e64ee3f	7484d7b0dd80f45e18d726b04752827fe28555cc5c1af0e127948380e6688abf
semantic-proposal-v1	SC1-d9eedd978147b292ea94d053ad16765c7a1ba40dc649c48dc53af271958d26e0	S016150	1	P02	SYMBOLS.tsv	366876	selection_expression	aarch64	include/uapi/linux/hsr_netlink.h	enum_constant	HSR_C_RING_ERROR	41	PENDING_REVIEW	SOURCE_REVIEWED_VALUE	COMPLETE	vendor/linux/include/uapi/linux/hsr_netlink.h;vendor/linux/include/uapi/linux/hsr_netlink.h:41;rewrite/configs/aarch64/frozen.config;header_closure=rewrite/metadata/header_closure.tsv;selected=PENDING_REVIEW	425f94c2954b1fe80ebdbf9b29854e89750355df	1cb71840644ae5500e2ea9a9dd98edeb56bc8dc377a1714fdf3829fce852e0b4	82bc16d30b5f19127e1fa080dab4a542e770e0629919f1fc0669ac9b57d3f8bc	0123af9e96b58af4e98b91a2de5608d36b63c67864b9041d3340587f3dbe40d2	cfa8dcf0d81c408de38d4202fe1ce9d9e5e301d1e67439c9530da94b1e64ee3f	7484d7b0dd80f45e18d726b04752827fe28555cc5c1af0e127948380e6688abf
semantic-proposal-v1	SC1-00ae0b264dfae00674efc0f904d9e97e4cdabab1aeb7343ae89c98aa8a169bc8	S016150	1	P02	SYMBOLS.tsv	366876	status	aarch64	include/uapi/linux/hsr_netlink.h	enum_constant	HSR_C_RING_ERROR	41	PENDING_REVIEW	COMPLETE	COMPLETE	vendor/linux/include/uapi/linux/hsr_netlink.h;vendor/linux/include/uapi/linux/hsr_netlink.h:41;rewrite/configs/aarch64/frozen.config;header_closure=rewrite/metadata/header_closure.tsv;selected=PENDING_REVIEW	425f94c2954b1fe80ebdbf9b29854e89750355df	1cb71840644ae5500e2ea9a9dd98edeb56bc8dc377a1714fdf3829fce852e0b4	82bc16d30b5f19127e1fa080dab4a542e770e0629919f1fc0669ac9b57d3f8bc	0123af9e96b58af4e98b91a2de5608d36b63c67864b9041d3340587f3dbe40d2	cfa8dcf0d81c408de38d4202fe1ce9d9e5e301d1e67439c9530da94b1e64ee3f	7484d7b0dd80f45e18d726b04752827fe28555cc5c1af0e127948380e6688abf
semantic-proposal-v1	SC1-aa1f7d062d466a2e018ea7eb941749f3e0c88c1d0264b03e3045f5da8b234e50	S016150	1	P02	SYMBOLS.tsv	366877	selection_expression	aarch64	include/uapi/linux/hsr_netlink.h	enum_constant	HSR_C_NODE_DOWN	42	PENDING_REVIEW	SOURCE_REVIEWED_VALUE	COMPLETE	vendor/linux/include/uapi/linux/hsr_netlink.h;vendor/linux/include/uapi/linux/hsr_netlink.h:42;rewrite/configs/aarch64/frozen.config;header_closure=rewrite/metadata/header_closure.tsv;selected=PENDING_REVIEW	425f94c2954b1fe80ebdbf9b29854e89750355df	1cb71840644ae5500e2ea9a9dd98edeb56bc8dc377a1714fdf3829fce852e0b4	82bc16d30b5f19127e1fa080dab4a542e770e0629919f1fc0669ac9b57d3f8bc	0123af9e96b58af4e98b91a2de5608d36b63c67864b9041d3340587f3dbe40d2	cfa8dcf0d81c408de38d4202fe1ce9d9e5e301d1e67439c9530da94b1e64ee3f	7484d7b0dd80f45e18d726b04752827fe28555cc5c1af0e127948380e6688abf
semantic-proposal-v1	SC1-abc786d1580b366d8f80ff275b467527a558c9c1f42786364926887a79d946e4	S016150	1	P02	SYMBOLS.tsv	366877	status	aarch64	include/uapi/linux/hsr_netlink.h	enum_constant	HSR_C_NODE_DOWN	42	PENDING_REVIEW	COMPLETE	COMPLETE	vendor/linux/include/uapi/linux/hsr_netlink.h;vendor/linux/include/uapi/linux/hsr_netlink.h:42;rewrite/configs/aarch64/frozen.config;header_closure=rewrite/metadata/header_closure.tsv;selected=PENDING_REVIEW	425f94c2954b1fe80ebdbf9b29854e89750355df	1cb71840644ae5500e2ea9a9dd98edeb56bc8dc377a1714fdf3829fce852e0b4	82bc16d30b5f19127e1fa080dab4a542e770e0629919f1fc0669ac9b57d3f8bc	0123af9e96b58af4e98b91a2de5608d36b63c67864b9041d3340587f3dbe40d2	cfa8dcf0d81c408de38d4202fe1ce9d9e5e301d1e67439c9530da94b1e64ee3f	7484d7b0dd80f45e18d726b04752827fe28555cc5c1af0e127948380e6688abf
semantic-proposal-v1	SC1-80f14f7e299906d34fadf066eedd8e82cc6475fba05afbdd7f9eff50d27dcb8b	S016150	1	P02	SYMBOLS.tsv	366878	selection_expression	aarch64	include/uapi/linux/hsr_netlink.h	enum_constant	HSR_C_GET_NODE_STATUS	43	PENDING_REVIEW	SOURCE_REVIEWED_VALUE	COMPLETE	vendor/linux/include/uapi/linux/hsr_netlink.h;vendor/linux/include/uapi/linux/hsr_netlink.h:43;rewrite/configs/aarch64/frozen.config;header_closure=rewrite/metadata/header_closure.tsv;selected=PENDING_REVIEW	425f94c2954b1fe80ebdbf9b29854e89750355df	1cb71840644ae5500e2ea9a9dd98edeb56bc8dc377a1714fdf3829fce852e0b4	82bc16d30b5f19127e1fa080dab4a542e770e0629919f1fc0669ac9b57d3f8bc	0123af9e96b58af4e98b91a2de5608d36b63c67864b9041d3340587f3dbe40d2	cfa8dcf0d81c408de38d4202fe1ce9d9e5e301d1e67439c9530da94b1e64ee3f	7484d7b0dd80f45e18d726b04752827fe28555cc5c1af0e127948380e6688abf
semantic-proposal-v1	SC1-b7dc25d9eb143a3b1685bfbab662fdc47ec49c7c823f734cc56fef1152af72fd	S016150	1	P02	SYMBOLS.tsv	366878	status	aarch64	include/uapi/linux/hsr_netlink.h	enum_constant	HSR_C_GET_NODE_STATUS	43	PENDING_REVIEW	COMPLETE	COMPLETE	vendor/linux/include/uapi/linux/hsr_netlink.h;vendor/linux/include/uapi/linux/hsr_netlink.h:43;rewrite/configs/aarch64/frozen.config;header_closure=rewrite/metadata/header_closure.tsv;selected=PENDING_REVIEW	425f94c2954b1fe80ebdbf9b29854e89750355df	1cb71840644ae5500e2ea9a9dd98edeb56bc8dc377a1714fdf3829fce852e0b4	82bc16d30b5f19127e1fa080dab4a542e770e0629919f1fc0669ac9b57d3f8bc	0123af9e96b58af4e98b91a2de5608d36b63c67864b9041d3340587f3dbe40d2	cfa8dcf0d81c408de38d4202fe1ce9d9e5e301d1e67439c9530da94b1e64ee3f	7484d7b0dd80f45e18d726b04752827fe28555cc5c1af0e127948380e6688abf
semantic-proposal-v1	SC1-d5ba9ff5c0f5d792320c119c6fb664d9f20aad696ab30b3d09c58a1eb718a886	S016150	1	P02	SYMBOLS.tsv	366879	selection_expression	aarch64	include/uapi/linux/hsr_netlink.h	enum_constant	HSR_C_SET_NODE_STATUS	44	PENDING_REVIEW	SOURCE_REVIEWED_VALUE	COMPLETE	vendor/linux/include/uapi/linux/hsr_netlink.h;vendor/linux/include/uapi/linux/hsr_netlink.h:44;rewrite/configs/aarch64/frozen.config;header_closure=rewrite/metadata/header_closure.tsv;selected=PENDING_REVIEW	425f94c2954b1fe80ebdbf9b29854e89750355df	1cb71840644ae5500e2ea9a9dd98edeb56bc8dc377a1714fdf3829fce852e0b4	82bc16d30b5f19127e1fa080dab4a542e770e0629919f1fc0669ac9b57d3f8bc	0123af9e96b58af4e98b91a2de5608d36b63c67864b9041d3340587f3dbe40d2	cfa8dcf0d81c408de38d4202fe1ce9d9e5e301d1e67439c9530da94b1e64ee3f	7484d7b0dd80f45e18d726b04752827fe28555cc5c1af0e127948380e6688abf
semantic-proposal-v1	SC1-56bc2e5ad2481126b48ff6276cd395fc12726f2484f95159dca283f6606abf9b	S016150	1	P02	SYMBOLS.tsv	366879	status	aarch64	include/uapi/linux/hsr_netlink.h	enum_constant	HSR_C_SET_NODE_STATUS	44	PENDING_REVIEW	COMPLETE	COMPLETE	vendor/linux/include/uapi/linux/hsr_netlink.h;vendor/linux/include/uapi/linux/hsr_netlink.h:44;rewrite/configs/aarch64/frozen.config;header_closure=rewrite/metadata/header_closure.tsv;selected=PENDING_REVIEW	425f94c2954b1fe80ebdbf9b29854e89750355df	1cb71840644ae5500e2ea9a9dd98edeb56bc8dc377a1714fdf3829fce852e0b4	82bc16d30b5f19127e1fa080dab4a542e770e0629919f1fc0669ac9b57d3f8bc	0123af9e96b58af4e98b91a2de5608d36b63c67864b9041d3340587f3dbe40d2	cfa8dcf0d81c408de38d4202fe1ce9d9e5e301d1e67439c9530da94b1e64ee3f	7484d7b0dd80f45e18d726b04752827fe28555cc5c1af0e127948380e6688abf
semantic-proposal-v1	SC1-c35d186b1fd29ab81c177c058b20b22b0abd530c1a609c69dc70a163b9a0f878	S016150	1	P02	SYMBOLS.tsv	366880	selection_expression	aarch64	include/uapi/linux/hsr_netlink.h	enum_constant	HSR_C_GET_NODE_LIST	45	PENDING_REVIEW	SOURCE_REVIEWED_VALUE	COMPLETE	vendor/linux/include/uapi/linux/hsr_netlink.h;vendor/linux/include/uapi/linux/hsr_netlink.h:45;rewrite/configs/aarch64/frozen.config;header_closure=rewrite/metadata/header_closure.tsv;selected=PENDING_REVIEW	425f94c2954b1fe80ebdbf9b29854e89750355df	1cb71840644ae5500e2ea9a9dd98edeb56bc8dc377a1714fdf3829fce852e0b4	82bc16d30b5f19127e1fa080dab4a542e770e0629919f1fc0669ac9b57d3f8bc	0123af9e96b58af4e98b91a2de5608d36b63c67864b9041d3340587f3dbe40d2	cfa8dcf0d81c408de38d4202fe1ce9d9e5e301d1e67439c9530da94b1e64ee3f	7484d7b0dd80f45e18d726b04752827fe28555cc5c1af0e127948380e6688abf
semantic-proposal-v1	SC1-8f195f409ab99faecac8d4b2bcad337294ab2de819424aa9d663a010927728b0	S016150	1	P02	SYMBOLS.tsv	366880	status	aarch64	include/uapi/linux/hsr_netlink.h	enum_constant	HSR_C_GET_NODE_LIST	45	PENDING_REVIEW	COMPLETE	COMPLETE	vendor/linux/include/uapi/linux/hsr_netlink.h;vendor/linux/include/uapi/linux/hsr_netlink.h:45;rewrite/configs/aarch64/frozen.config;header_closure=rewrite/metadata/header_closure.tsv;selected=PENDING_REVIEW	425f94c2954b1fe80ebdbf9b29854e89750355df	1cb71840644ae5500e2ea9a9dd98edeb56bc8dc377a1714fdf3829fce852e0b4	82bc16d30b5f19127e1fa080dab4a542e770e0629919f1fc0669ac9b57d3f8bc	0123af9e96b58af4e98b91a2de5608d36b63c67864b9041d3340587f3dbe40d2	cfa8dcf0d81c408de38d4202fe1ce9d9e5e301d1e67439c9530da94b1e64ee3f	7484d7b0dd80f45e18d726b04752827fe28555cc5c1af0e127948380e6688abf
semantic-proposal-v1	SC1-601c1a00295c6f83d35104045e897c40de7569fff15bc58b44957dd0dd833a5c	S016150	1	P02	SYMBOLS.tsv	366881	selection_expression	aarch64	include/uapi/linux/hsr_netlink.h	enum_constant	HSR_C_SET_NODE_LIST	46	PENDING_REVIEW	SOURCE_REVIEWED_VALUE	COMPLETE	vendor/linux/include/uapi/linux/hsr_netlink.h;vendor/linux/include/uapi/linux/hsr_netlink.h:46;rewrite/configs/aarch64/frozen.config;header_closure=rewrite/metadata/header_closure.tsv;selected=PENDING_REVIEW	425f94c2954b1fe80ebdbf9b29854e89750355df	1cb71840644ae5500e2ea9a9dd98edeb56bc8dc377a1714fdf3829fce852e0b4	82bc16d30b5f19127e1fa080dab4a542e770e0629919f1fc0669ac9b57d3f8bc	0123af9e96b58af4e98b91a2de5608d36b63c67864b9041d3340587f3dbe40d2	cfa8dcf0d81c408de38d4202fe1ce9d9e5e301d1e67439c9530da94b1e64ee3f	7484d7b0dd80f45e18d726b04752827fe28555cc5c1af0e127948380e6688abf
semantic-proposal-v1	SC1-d2206138da3db49093ad9920d65558ec4b0b546dd660211e14d8ff015b220c49	S016150	1	P02	SYMBOLS.tsv	366881	status	aarch64	include/uapi/linux/hsr_netlink.h	enum_constant	HSR_C_SET_NODE_LIST	46	PENDING_REVIEW	COMPLETE	COMPLETE	vendor/linux/include/uapi/linux/hsr_netlink.h;vendor/linux/include/uapi/linux/hsr_netlink.h:46;rewrite/configs/aarch64/frozen.config;header_closure=rewrite/metadata/header_closure.tsv;selected=PENDING_REVIEW	425f94c2954b1fe80ebdbf9b29854e89750355df	1cb71840644ae5500e2ea9a9dd98edeb56bc8dc377a1714fdf3829fce852e0b4	82bc16d30b5f19127e1fa080dab4a542e770e0629919f1fc0669ac9b57d3f8bc	0123af9e96b58af4e98b91a2de5608d36b63c67864b9041d3340587f3dbe40d2	cfa8dcf0d81c408de38d4202fe1ce9d9e5e301d1e67439c9530da94b1e64ee3f	7484d7b0dd80f45e18d726b04752827fe28555cc5c1af0e127948380e6688abf
semantic-proposal-v1	SC1-2e22b5f744d6a9feae1824e0a06a34afdfb2e821d9683352662dabf959176b20	S016150	1	P02	SYMBOLS.tsv	366882	selection_expression	aarch64	include/uapi/linux/hsr_netlink.h	enum_constant	__HSR_C_MAX	47	PENDING_REVIEW	SOURCE_REVIEWED_VALUE	COMPLETE	vendor/linux/include/uapi/linux/hsr_netlink.h;vendor/linux/include/uapi/linux/hsr_netlink.h:47;rewrite/configs/aarch64/frozen.config;header_closure=rewrite/metadata/header_closure.tsv;selected=PENDING_REVIEW	425f94c2954b1fe80ebdbf9b29854e89750355df	1cb71840644ae5500e2ea9a9dd98edeb56bc8dc377a1714fdf3829fce852e0b4	82bc16d30b5f19127e1fa080dab4a542e770e0629919f1fc0669ac9b57d3f8bc	0123af9e96b58af4e98b91a2de5608d36b63c67864b9041d3340587f3dbe40d2	cfa8dcf0d81c408de38d4202fe1ce9d9e5e301d1e67439c9530da94b1e64ee3f	7484d7b0dd80f45e18d726b04752827fe28555cc5c1af0e127948380e6688abf
semantic-proposal-v1	SC1-dcdd84c3ba266ce75fd5f747d2b780ec29ed6f6ef7f9fcca9b4a88d26d1c5583	S016150	1	P02	SYMBOLS.tsv	366882	status	aarch64	include/uapi/linux/hsr_netlink.h	enum_constant	__HSR_C_MAX	47	PENDING_REVIEW	COMPLETE	COMPLETE	vendor/linux/include/uapi/linux/hsr_netlink.h;vendor/linux/include/uapi/linux/hsr_netlink.h:47;rewrite/configs/aarch64/frozen.config;header_closure=rewrite/metadata/header_closure.tsv;selected=PENDING_REVIEW	425f94c2954b1fe80ebdbf9b29854e89750355df	1cb71840644ae5500e2ea9a9dd98edeb56bc8dc377a1714fdf3829fce852e0b4	82bc16d30b5f19127e1fa080dab4a542e770e0629919f1fc0669ac9b57d3f8bc	0123af9e96b58af4e98b91a2de5608d36b63c67864b9041d3340587f3dbe40d2	cfa8dcf0d81c408de38d4202fe1ce9d9e5e301d1e67439c9530da94b1e64ee3f	7484d7b0dd80f45e18d726b04752827fe28555cc5c1af0e127948380e6688abf
semantic-proposal-v1	SC1-0a4c9c9b2e80f00f2d2b5a25a857739f03f795ebb816ffa9f8759782b8bf1b94	S016150	1	P02	ABI.tsv	191348	alignment	aarch64	include/uapi/linux/hsr_netlink.h	type	anonymous_enum@21	21	PENDING_REVIEW	SOURCE_REVIEWED_VALUE	COMPLETE	vendor/linux/include/uapi/linux/hsr_netlink.h;vendor/linux/include/uapi/linux/hsr_netlink.h:21;header-context=PENDING_REVIEW	425f94c2954b1fe80ebdbf9b29854e89750355df	1cb71840644ae5500e2ea9a9dd98edeb56bc8dc377a1714fdf3829fce852e0b4	82bc16d30b5f19127e1fa080dab4a542e770e0629919f1fc0669ac9b57d3f8bc	0123af9e96b58af4e98b91a2de5608d36b63c67864b9041d3340587f3dbe40d2	cfa8dcf0d81c408de38d4202fe1ce9d9e5e301d1e67439c9530da94b1e64ee3f	ae0caca34fe9b6eb8097958d2fbb8d2b6a1fad60f91f3c2b8d948c43dbfcee39
semantic-proposal-v1	SC1-ab2d1d6cffe1147e5b295fac62031b4251be698c5d5a1e4e06acd5d5b54f95e1	S016150	1	P02	ABI.tsv	191348	export_kind	aarch64	include/uapi/linux/hsr_netlink.h	type	anonymous_enum@21	21	PENDING_REVIEW	SOURCE_REVIEWED_VALUE	COMPLETE	vendor/linux/include/uapi/linux/hsr_netlink.h;vendor/linux/include/uapi/linux/hsr_netlink.h:21;header-context=PENDING_REVIEW	425f94c2954b1fe80ebdbf9b29854e89750355df	1cb71840644ae5500e2ea9a9dd98edeb56bc8dc377a1714fdf3829fce852e0b4	82bc16d30b5f19127e1fa080dab4a542e770e0629919f1fc0669ac9b57d3f8bc	0123af9e96b58af4e98b91a2de5608d36b63c67864b9041d3340587f3dbe40d2	cfa8dcf0d81c408de38d4202fe1ce9d9e5e301d1e67439c9530da94b1e64ee3f	ae0caca34fe9b6eb8097958d2fbb8d2b6a1fad60f91f3c2b8d948c43dbfcee39
semantic-proposal-v1	SC1-27fb36b8e071aed5bca22b395196219d98e5f15f85b2d37079141109874089a8	S016150	1	P02	ABI.tsv	191348	layout	aarch64	include/uapi/linux/hsr_netlink.h	type	anonymous_enum@21	21	PENDING_REVIEW	SOURCE_REVIEWED_VALUE	COMPLETE	vendor/linux/include/uapi/linux/hsr_netlink.h;vendor/linux/include/uapi/linux/hsr_netlink.h:21;header-context=PENDING_REVIEW	425f94c2954b1fe80ebdbf9b29854e89750355df	1cb71840644ae5500e2ea9a9dd98edeb56bc8dc377a1714fdf3829fce852e0b4	82bc16d30b5f19127e1fa080dab4a542e770e0629919f1fc0669ac9b57d3f8bc	0123af9e96b58af4e98b91a2de5608d36b63c67864b9041d3340587f3dbe40d2	cfa8dcf0d81c408de38d4202fe1ce9d9e5e301d1e67439c9530da94b1e64ee3f	ae0caca34fe9b6eb8097958d2fbb8d2b6a1fad60f91f3c2b8d948c43dbfcee39
semantic-proposal-v1	SC1-2c20e6890f44f166609a44842ce903532dd627bea9df1a1fc1fd49e4b3f1bfc5	S016150	1	P02	ABI.tsv	191348	status	aarch64	include/uapi/linux/hsr_netlink.h	type	anonymous_enum@21	21	PENDING_REVIEW	COMPLETE	COMPLETE	vendor/linux/include/uapi/linux/hsr_netlink.h;vendor/linux/include/uapi/linux/hsr_netlink.h:21;header-context=PENDING_REVIEW	425f94c2954b1fe80ebdbf9b29854e89750355df	1cb71840644ae5500e2ea9a9dd98edeb56bc8dc377a1714fdf3829fce852e0b4	82bc16d30b5f19127e1fa080dab4a542e770e0629919f1fc0669ac9b57d3f8bc	0123af9e96b58af4e98b91a2de5608d36b63c67864b9041d3340587f3dbe40d2	cfa8dcf0d81c408de38d4202fe1ce9d9e5e301d1e67439c9530da94b1e64ee3f	ae0caca34fe9b6eb8097958d2fbb8d2b6a1fad60f91f3c2b8d948c43dbfcee39
semantic-proposal-v1	SC1-58d479125c1d22fb3a9518c4e80cac2b07b3c5c8e52a7472b0eba3989ef00cd8	S016150	1	P02	ABI.tsv	191349	alignment	aarch64	include/uapi/linux/hsr_netlink.h	type	anonymous_enum@39	39	PENDING_REVIEW	SOURCE_REVIEWED_VALUE	COMPLETE	vendor/linux/include/uapi/linux/hsr_netlink.h;vendor/linux/include/uapi/linux/hsr_netlink.h:39;header-context=PENDING_REVIEW	425f94c2954b1fe80ebdbf9b29854e89750355df	1cb71840644ae5500e2ea9a9dd98edeb56bc8dc377a1714fdf3829fce852e0b4	82bc16d30b5f19127e1fa080dab4a542e770e0629919f1fc0669ac9b57d3f8bc	0123af9e96b58af4e98b91a2de5608d36b63c67864b9041d3340587f3dbe40d2	cfa8dcf0d81c408de38d4202fe1ce9d9e5e301d1e67439c9530da94b1e64ee3f	ae0caca34fe9b6eb8097958d2fbb8d2b6a1fad60f91f3c2b8d948c43dbfcee39
semantic-proposal-v1	SC1-8c69a56f345454402ae823e2943dcc558ad3ec8ed0d1701c54aa6cbad5280c80	S016150	1	P02	ABI.tsv	191349	export_kind	aarch64	include/uapi/linux/hsr_netlink.h	type	anonymous_enum@39	39	PENDING_REVIEW	SOURCE_REVIEWED_VALUE	COMPLETE	vendor/linux/include/uapi/linux/hsr_netlink.h;vendor/linux/include/uapi/linux/hsr_netlink.h:39;header-context=PENDING_REVIEW	425f94c2954b1fe80ebdbf9b29854e89750355df	1cb71840644ae5500e2ea9a9dd98edeb56bc8dc377a1714fdf3829fce852e0b4	82bc16d30b5f19127e1fa080dab4a542e770e0629919f1fc0669ac9b57d3f8bc	0123af9e96b58af4e98b91a2de5608d36b63c67864b9041d3340587f3dbe40d2	cfa8dcf0d81c408de38d4202fe1ce9d9e5e301d1e67439c9530da94b1e64ee3f	ae0caca34fe9b6eb8097958d2fbb8d2b6a1fad60f91f3c2b8d948c43dbfcee39
semantic-proposal-v1	SC1-09ddd53d99733ff4e1fb4d09fc74144ca90a60ef8c253b7b9846d2d878510c70	S016150	1	P02	ABI.tsv	191349	layout	aarch64	include/uapi/linux/hsr_netlink.h	type	anonymous_enum@39	39	PENDING_REVIEW	SOURCE_REVIEWED_VALUE	COMPLETE	vendor/linux/include/uapi/linux/hsr_netlink.h;vendor/linux/include/uapi/linux/hsr_netlink.h:39;header-context=PENDING_REVIEW	425f94c2954b1fe80ebdbf9b29854e89750355df	1cb71840644ae5500e2ea9a9dd98edeb56bc8dc377a1714fdf3829fce852e0b4	82bc16d30b5f19127e1fa080dab4a542e770e0629919f1fc0669ac9b57d3f8bc	0123af9e96b58af4e98b91a2de5608d36b63c67864b9041d3340587f3dbe40d2	cfa8dcf0d81c408de38d4202fe1ce9d9e5e301d1e67439c9530da94b1e64ee3f	ae0caca34fe9b6eb8097958d2fbb8d2b6a1fad60f91f3c2b8d948c43dbfcee39
semantic-proposal-v1	SC1-54133f3d8913df143ab93413fc701c5656523131d3e2bd29674f9fe2f597422e	S016150	1	P02	ABI.tsv	191349	status	aarch64	include/uapi/linux/hsr_netlink.h	type	anonymous_enum@39	39	PENDING_REVIEW	COMPLETE	COMPLETE	vendor/linux/include/uapi/linux/hsr_netlink.h;vendor/linux/include/uapi/linux/hsr_netlink.h:39;header-context=PENDING_REVIEW	425f94c2954b1fe80ebdbf9b29854e89750355df	1cb71840644ae5500e2ea9a9dd98edeb56bc8dc377a1714fdf3829fce852e0b4	82bc16d30b5f19127e1fa080dab4a542e770e0629919f1fc0669ac9b57d3f8bc	0123af9e96b58af4e98b91a2de5608d36b63c67864b9041d3340587f3dbe40d2	cfa8dcf0d81c408de38d4202fe1ce9d9e5e301d1e67439c9530da94b1e64ee3f	ae0caca34fe9b6eb8097958d2fbb8d2b6a1fad60f91f3c2b8d948c43dbfcee39
semantic-proposal-v1	SC1-0d874393dd1d561be96704792194e0b2ddcb69d4b13ec4b9a98506d50031c39b	S016150	1	P02	LIFETIMES.tsv	187289	lifetime_contract	aarch64	include/uapi/linux/hsr_netlink.h	type	anonymous_enum@21	21	PENDING_REVIEW	SOURCE_REVIEWED_VALUE	COMPLETE	vendor/linux/include/uapi/linux/hsr_netlink.h;vendor/linux/include/uapi/linux/hsr_netlink.h:21;header-context=PENDING_REVIEW	425f94c2954b1fe80ebdbf9b29854e89750355df	1cb71840644ae5500e2ea9a9dd98edeb56bc8dc377a1714fdf3829fce852e0b4	82bc16d30b5f19127e1fa080dab4a542e770e0629919f1fc0669ac9b57d3f8bc	0123af9e96b58af4e98b91a2de5608d36b63c67864b9041d3340587f3dbe40d2	cfa8dcf0d81c408de38d4202fe1ce9d9e5e301d1e67439c9530da94b1e64ee3f	0e7e60940dd21c28f3d10965325f70644fc000495a2d61984437dec666da93d8
semantic-proposal-v1	SC1-7354987715498126492080b3a237e484f6ef1b1d04ae4495377574b280042145	S016150	1	P02	LIFETIMES.tsv	187289	locking_rcu_refcount	aarch64	include/uapi/linux/hsr_netlink.h	type	anonymous_enum@21	21	PENDING_REVIEW	SOURCE_REVIEWED_VALUE	COMPLETE	vendor/linux/include/uapi/linux/hsr_netlink.h;vendor/linux/include/uapi/linux/hsr_netlink.h:21;header-context=PENDING_REVIEW	425f94c2954b1fe80ebdbf9b29854e89750355df	1cb71840644ae5500e2ea9a9dd98edeb56bc8dc377a1714fdf3829fce852e0b4	82bc16d30b5f19127e1fa080dab4a542e770e0629919f1fc0669ac9b57d3f8bc	0123af9e96b58af4e98b91a2de5608d36b63c67864b9041d3340587f3dbe40d2	cfa8dcf0d81c408de38d4202fe1ce9d9e5e301d1e67439c9530da94b1e64ee3f	0e7e60940dd21c28f3d10965325f70644fc000495a2d61984437dec666da93d8
semantic-proposal-v1	SC1-43f5f89ec1ebebcfd34a77663e03748e6f1f70f1127b0a832e5ff5f7b883f53e	S016150	1	P02	LIFETIMES.tsv	187289	ownership	aarch64	include/uapi/linux/hsr_netlink.h	type	anonymous_enum@21	21	PENDING_REVIEW	SOURCE_REVIEWED_VALUE	COMPLETE	vendor/linux/include/uapi/linux/hsr_netlink.h;vendor/linux/include/uapi/linux/hsr_netlink.h:21;header-context=PENDING_REVIEW	425f94c2954b1fe80ebdbf9b29854e89750355df	1cb71840644ae5500e2ea9a9dd98edeb56bc8dc377a1714fdf3829fce852e0b4	82bc16d30b5f19127e1fa080dab4a542e770e0629919f1fc0669ac9b57d3f8bc	0123af9e96b58af4e98b91a2de5608d36b63c67864b9041d3340587f3dbe40d2	cfa8dcf0d81c408de38d4202fe1ce9d9e5e301d1e67439c9530da94b1e64ee3f	0e7e60940dd21c28f3d10965325f70644fc000495a2d61984437dec666da93d8
semantic-proposal-v1	SC1-4d94101e7314059b1e6531c320e0b644649dd72226c17a568fe931815d21eee2	S016150	1	P02	LIFETIMES.tsv	187289	status	aarch64	include/uapi/linux/hsr_netlink.h	type	anonymous_enum@21	21	PENDING_REVIEW	COMPLETE	COMPLETE	vendor/linux/include/uapi/linux/hsr_netlink.h;vendor/linux/include/uapi/linux/hsr_netlink.h:21;header-context=PENDING_REVIEW	425f94c2954b1fe80ebdbf9b29854e89750355df	1cb71840644ae5500e2ea9a9dd98edeb56bc8dc377a1714fdf3829fce852e0b4	82bc16d30b5f19127e1fa080dab4a542e770e0629919f1fc0669ac9b57d3f8bc	0123af9e96b58af4e98b91a2de5608d36b63c67864b9041d3340587f3dbe40d2	cfa8dcf0d81c408de38d4202fe1ce9d9e5e301d1e67439c9530da94b1e64ee3f	0e7e60940dd21c28f3d10965325f70644fc000495a2d61984437dec666da93d8
semantic-proposal-v1	SC1-b91a18fe413cd9d982efb959c8d6a5eba71896d43e316198ff6d72b305e2ba08	S016150	1	P02	LIFETIMES.tsv	187290	lifetime_contract	aarch64	include/uapi/linux/hsr_netlink.h	type	anonymous_enum@39	39	PENDING_REVIEW	SOURCE_REVIEWED_VALUE	COMPLETE	vendor/linux/include/uapi/linux/hsr_netlink.h;vendor/linux/include/uapi/linux/hsr_netlink.h:39;header-context=PENDING_REVIEW	425f94c2954b1fe80ebdbf9b29854e89750355df	1cb71840644ae5500e2ea9a9dd98edeb56bc8dc377a1714fdf3829fce852e0b4	82bc16d30b5f19127e1fa080dab4a542e770e0629919f1fc0669ac9b57d3f8bc	0123af9e96b58af4e98b91a2de5608d36b63c67864b9041d3340587f3dbe40d2	cfa8dcf0d81c408de38d4202fe1ce9d9e5e301d1e67439c9530da94b1e64ee3f	0e7e60940dd21c28f3d10965325f70644fc000495a2d61984437dec666da93d8
semantic-proposal-v1	SC1-e8e7b8dd2d11fe661977653d98dbcd894cea5e5688cd7028d1743f7c9d059053	S016150	1	P02	LIFETIMES.tsv	187290	locking_rcu_refcount	aarch64	include/uapi/linux/hsr_netlink.h	type	anonymous_enum@39	39	PENDING_REVIEW	SOURCE_REVIEWED_VALUE	COMPLETE	vendor/linux/include/uapi/linux/hsr_netlink.h;vendor/linux/include/uapi/linux/hsr_netlink.h:39;header-context=PENDING_REVIEW	425f94c2954b1fe80ebdbf9b29854e89750355df	1cb71840644ae5500e2ea9a9dd98edeb56bc8dc377a1714fdf3829fce852e0b4	82bc16d30b5f19127e1fa080dab4a542e770e0629919f1fc0669ac9b57d3f8bc	0123af9e96b58af4e98b91a2de5608d36b63c67864b9041d3340587f3dbe40d2	cfa8dcf0d81c408de38d4202fe1ce9d9e5e301d1e67439c9530da94b1e64ee3f	0e7e60940dd21c28f3d10965325f70644fc000495a2d61984437dec666da93d8
semantic-proposal-v1	SC1-c862f4d969af4de86fc5dd79aa28fc6944b9866dbf04b8abc9b0401b168dd3b2	S016150	1	P02	LIFETIMES.tsv	187290	ownership	aarch64	include/uapi/linux/hsr_netlink.h	type	anonymous_enum@39	39	PENDING_REVIEW	SOURCE_REVIEWED_VALUE	COMPLETE	vendor/linux/include/uapi/linux/hsr_netlink.h;vendor/linux/include/uapi/linux/hsr_netlink.h:39;header-context=PENDING_REVIEW	425f94c2954b1fe80ebdbf9b29854e89750355df	1cb71840644ae5500e2ea9a9dd98edeb56bc8dc377a1714fdf3829fce852e0b4	82bc16d30b5f19127e1fa080dab4a542e770e0629919f1fc0669ac9b57d3f8bc	0123af9e96b58af4e98b91a2de5608d36b63c67864b9041d3340587f3dbe40d2	cfa8dcf0d81c408de38d4202fe1ce9d9e5e301d1e67439c9530da94b1e64ee3f	0e7e60940dd21c28f3d10965325f70644fc000495a2d61984437dec666da93d8
semantic-proposal-v1	SC1-98721cc3dcb86d2bf904477d4ea28d7479d105948e03b468b344cd81dcc7c0df	S016150	1	P02	LIFETIMES.tsv	187290	status	aarch64	include/uapi/linux/hsr_netlink.h	type	anonymous_enum@39	39	PENDING_REVIEW	COMPLETE	COMPLETE	vendor/linux/include/uapi/linux/hsr_netlink.h;vendor/linux/include/uapi/linux/hsr_netlink.h:39;header-context=PENDING_REVIEW	425f94c2954b1fe80ebdbf9b29854e89750355df	1cb71840644ae5500e2ea9a9dd98edeb56bc8dc377a1714fdf3829fce852e0b4	82bc16d30b5f19127e1fa080dab4a542e770e0629919f1fc0669ac9b57d3f8bc	0123af9e96b58af4e98b91a2de5608d36b63c67864b9041d3340587f3dbe40d2	cfa8dcf0d81c408de38d4202fe1ce9d9e5e301d1e67439c9530da94b1e64ee3f	0e7e60940dd21c28f3d10965325f70644fc000495a2d61984437dec666da93d8
