archive_group	path	sha256	bytes
manifests.tar.gz	ABI.tsv	13ac1a1658c49b1936e6d8b514d4ee50efcd501b59fad771b9d2bb3f3bb0fce2	152571337
manifests.tar.gz	DRIVER_ABI.tsv	c7f406ef82aee2ea9b230161e5c81059fc7223abec5c37f388ace3c6105615bf	3324370
manifests.tar.gz	FILE_MAP.tsv	938cbcf3c96571e7dbc22c7dbe36cf9a571c546d4c0040de983d19a2bcae236e	78633134
manifests.tar.gz	LIFETIMES.tsv	6145237901ba4d11ae9a3d94c77c8f7edd46142ff29811498ecaf49d8d7cb5b0	93352316
manifests.tar.gz	SCOPE.tsv	59b211768453cbb3ba1455ce922793ddaba8977dda9096a2401e29b2737ed232	9598770
manifests.tar.gz	SYMBOLS.tsv	1d84ebca1b6c619d36bc3c7a932127389fa93479bfffae60154a155dba64f85e	212634736
metadata-aarch64.tar.gz	metadata/aarch64/System.map	a3b21ef1ff21e3b4b08bd418939ac0576181385d3c22a78110ddf6e0dcacdbfa	9455854
metadata-aarch64.tar.gz	metadata/aarch64/all_artifacts.tsv	4a3bec112bd754ea08b76289ad68a699f99b7d5c948e94bd61768dd20e73e457	5738556
metadata-aarch64.tar.gz	metadata/aarch64/build.log	6707c96ac926edf7ab64f3d84ce0e17df2333c5b24f09e3a016114097ea04cee	771227
metadata-aarch64.tar.gz	metadata/aarch64/cmd_inventory.tsv	630082e59434f743ccd2e5d38533f8fc506e742d074446d3b6fbb6157c262d31	2187399
metadata-aarch64.tar.gz	metadata/aarch64/compile_commands.json	12145cd0fde17ded2c606f0b03fac0ace140b2581d9a7beb4c7c5141bebaa04d	28276610
metadata-aarch64.tar.gz	metadata/aarch64/depfile_inventory.tsv	676644ef50f479b9222de4ce0b5214201e9d51da4404e43eadda305e5c0d2152	125
metadata-aarch64.tar.gz	metadata/aarch64/generated-headers-arch-arm64-include-generated.tar	99ce606e114bfa6b55c54eacf4a5a859f9b79a090830ed17635e13ae4583fa11	1198080
metadata-aarch64.tar.gz	metadata/aarch64/generated-headers-include-generated.tar	5355c2ffac791cce794c9ee209e3233d0cd8ebe6e9ecb9499f81891eb3df1bf6	522240
metadata-aarch64.tar.gz	metadata/aarch64/generated-sources.tar	cd5f2f4143040c9bf33f313f6f297300fb5596c8e7cf194a88e85883a9aa7b7e	3512320
metadata-aarch64.tar.gz	metadata/aarch64/generated.config	b374fc24835033cb3e317e45c89dd2ba3335ebac7ab81b2ac548fac5bffc1578	322941
metadata-aarch64.tar.gz	metadata/aarch64/include_dependencies.tsv	625f5dde260b8db6d337f70261f868d0f0d91e5d8b5b94c7e793410e93628a4a	1855843326
metadata-aarch64.tar.gz	metadata/aarch64/modules.builtin	8ceb4fc7f8ce9c34ad3e3354ab7d8727b4f5618646e0a85c0c2f71b26679306a	54071
metadata-aarch64.tar.gz	metadata/aarch64/modules.builtin.modinfo	b79a4288438f9e668ea3a9dbc5ea33ea5859dd59021de1f79623d9ff6588cafa	713798
metadata-aarch64.tar.gz	metadata/aarch64/modules.order	8ac51e975635d2b213be2ef441364f71cbdde8eee519874df3b6ff885769f627	59002
metadata-aarch64.tar.gz	metadata/aarch64/object_inventory.tsv	630d0dd8aec7442fb901786be534b0d9c146644f5c09a745bf995d92185949d6	1732079
metadata-shared.tar.gz	metadata/authoritative_manifests.tsv	1e0084ce21de84590abe1e22ad986bd26e5d6aa25cc380873f039ee5cb5936fa	474
metadata-shared.tar.gz	metadata/compiler-predicates-binding.tsv	fbda758d60d273acb883ddb6e86f66862902be139abfc2adfd0606ef72c6a676	408
metadata-shared.tar.gz	metadata/header_closure.tsv	e08c87ee7f30478fce63d89860148cbeb550b3f2871e88a2278e4a0d80264088	4067591
metadata-shared.tar.gz	metadata/header_components.tsv	157452d4cca8faf07c7101ff59f466bfc4b37e22538eb7650d273fb113925b57	265466
metadata-shared.tar.gz	metadata/header_context_edges.tsv	b3e25d0e75515d5a7c6e009245328a9cfce56dd66b1bbbc25b3753445e511385	2221691
metadata-shared.tar.gz	metadata/header_include_edges.tsv	95f34d1327003a2b74af54ec8d7500b4394e0ccac96c9f4ce799b6abb95fabc0	4491603
metadata-shared.tar.gz	metadata/manifest.tsv	8ad06688353f64b818c2c176c6fff347982cd9170396473908581ebcca7af4eb	3995
metadata-shared.tar.gz	metadata/oracle_classification.tsv	2474400d923878cceb3f392194414c253a21bf7e6f4dc688e8f4cc81b17ab2b2	2890
metadata-shared.tar.gz	metadata/summary.json	74209643c2b82a67345757af1c5d6e8859c12a747aa7b7c25cc21d703fc7f9ed	785
metadata-shared.tar.gz	metadata/task_dependencies.tsv	dbbc593ce388bbb8e9f1cf71595929077489beced5318131b4159da3cbeb7ffe	19959635
metadata-x86_64.tar.gz	metadata/x86_64/System.map	7b0e6d6c06bd40454dab17c90a0e427a16886c75be6a5820f681812c1519a0fc	9116517
metadata-x86_64.tar.gz	metadata/x86_64/all_artifacts.tsv	f42148bdff570b7abde815b0e85f280b77051d373acbb6cf71184b97d60fd201	1186540
metadata-x86_64.tar.gz	metadata/x86_64/build.log	14bdc1b838defed8373a28dcef1d8b6c2f77f2f552b91daf2a5d8f6b3fea2760	156463
metadata-x86_64.tar.gz	metadata/x86_64/cmd_inventory.tsv	bd24ae85da29ffc62fe6a04ce13b1caf8decee6ea82c9d5a3bfec0bd82ba1006	509001
metadata-x86_64.tar.gz	metadata/x86_64/compile_commands.json	2e2aba2b6a14a4f594908bed2f891fd3ea0e394ceb6afca6e47c058fbcfde32f	9325500
metadata-x86_64.tar.gz	metadata/x86_64/depfile_inventory.tsv	1e7a3acea52586e4cb88baa629aac5de3a6057017fcf02297bac2dbc3ed29cfc	330
metadata-x86_64.tar.gz	metadata/x86_64/generated-headers-arch-x86-include-generated.tar	c9da54e199396764ce50d3922b5ca4d7a6d130016226515e48a85ecd98ee7c85	194560
metadata-x86_64.tar.gz	metadata/x86_64/generated-headers-include-generated.tar	ed7b56b4ca7a86bc3cc54487ea350d2e8a26fb7563549cf730f942944d90b571	204800
metadata-x86_64.tar.gz	metadata/x86_64/generated-sources.tar	fe815d853d55402d2c86125f2791a7849b1aa51c0eb29ece95198d8432072a96	256000
metadata-x86_64.tar.gz	metadata/x86_64/generated.config	a1cdb40573726de54a174da53c2eac8811dd84ab0145532784a47ec1c5efa6b4	147082
metadata-x86_64.tar.gz	metadata/x86_64/include_dependencies.tsv	e6a09e1bea889e304dd191f2cba85a4439a7990d70d0c2e8375f6a66b4ce9e95	469665336
metadata-x86_64.tar.gz	metadata/x86_64/modules.builtin	0124625d1d47f8f11d920083c3893fcb6546a43d6151695cba473972082f6f8a	10725
metadata-x86_64.tar.gz	metadata/x86_64/modules.builtin.modinfo	a0dba2312f0941950ceb91f3983e38e7f933b6a2fc035772b40e9179ed787a79	273843
metadata-x86_64.tar.gz	metadata/x86_64/modules.order	9bed8a9c2e390031f8159fb65736c4e763c06f051d24fa123613c66525e7de9e	330
metadata-x86_64.tar.gz	metadata/x86_64/object_inventory.tsv	a183455c46c5e6d373390751bd515aadd61d6cf8e92758bfac05757b035093da	617574
