tool_name	requested_path	resolved_path	sha256	version	major_version	package	architecture	status	captured_at
clang	/usr/lib/llvm-19/bin/clang	/usr/lib/llvm-19/bin/clang	0a3c55936ac43954fbe4914e6e73b577ca9e35e75d89ef13d3e28c187f41ca1a	Debian clang version 19.1.7 (3+b1)	19	clang-19 1:19.1.7-3+b1	common	VERIFIED	2026-08-05T14:03:47.223Z
clang++	/usr/lib/llvm-19/bin/clang++	/usr/lib/llvm-19/bin/clang	0a3c55936ac43954fbe4914e6e73b577ca9e35e75d89ef13d3e28c187f41ca1a	Debian clang version 19.1.7 (3+b1)	19	clang-19 1:19.1.7-3+b1	common	VERIFIED	2026-08-05T14:03:47.223Z
ld.lld	/usr/lib/llvm-19/bin/ld.lld	/usr/lib/llvm-19/bin/lld	7a2fd87d82662beac4371a1a21067b37cd4b7d43777aa61c089d85c45f772f6e	Debian LLD 19.1.7 (compatible with GNU linkers)	19	lld-19 1:19.1.7-3+b1	common	VERIFIED	2026-08-05T14:03:47.223Z
llvm-ar	/usr/lib/llvm-19/bin/llvm-ar	/usr/lib/llvm-19/bin/llvm-ar	e15ccf58a2db49c1d9589a515bebc191abee12db35c809f092a70ed8e1ea2f8	Debian LLVM version 19.1.7	19	llvm-19 1:19.1.7-3+b1	common	VERIFIED	2026-08-05T14:03:47.223Z
llvm-nm	/usr/lib/llvm-19/bin/llvm-nm	/usr/lib/llvm-19/bin/llvm-nm	ed2427f2e14ac235a12fc3ca878f3621dd347e1e0dba7a316824f4d2a5e78403	llvm-nm, compatible with GNU nm	19	llvm-19 1:19.1.7-3+b1	common	VERIFIED	2026-08-05T14:03:47.223Z
llvm-objcopy	/usr/lib/llvm-19/bin/llvm-objcopy	/usr/lib/llvm-19/bin/llvm-objcopy	8723d4539a1c621fbaa2f0bc9f6a5268ccb7cf93bac6b4fc8f1d6aed1b77201e	llvm-objcopy, compatible with GNU objcopy	19	llvm-19 1:19.1.7-3+b1	common	VERIFIED	2026-08-05T14:03:47.223Z
llvm-objdump	/usr/lib/llvm-19/bin/llvm-objdump	/usr/lib/llvm-19/bin/llvm-objdump	c904a20cf0caeb812b542b69488e5c79751a92ca99098fbb8941505eb789d	Debian LLVM version 19.1.7	19	llvm-19 1:19.1.7-3+b1	common	VERIFIED	2026-08-05T14:03:47.223Z
llvm-readelf	/usr/lib/llvm-19/bin/llvm-readelf	/usr/lib/llvm-19/bin/llvm-readobj	e513bd45eb2b0f4d3740dfa312416a250c2e95c5dd5d4713c0e04d253c89b4eb	Debian LLVM version 19.1.7	19	llvm-19 1:19.1.7-3+b1	common	VERIFIED	2026-08-05T14:03:47.223Z
llvm-strip	/usr/lib/llvm-19/bin/llvm-strip	/usr/lib/llvm-19/bin/llvm-objcopy	8723d4539a1c621fbaa2f0bc9f6a5268ccb7cf93bac6b4fc8f1d6aed1b77201e	llvm-strip, compatible with GNU strip	19	llvm-19 1:19.1.7-3+b1	common	VERIFIED	2026-08-05T14:03:47.223Z
